alpha,y_num,data_type,shape,is_CFD,n_points,d_perc,iP,dLx_optimal,dLy_optimal,ref_chord,rho,U_inf,mu,is_with_smoothing,is_with_vort_correction,Fx_term_1_mean,Fx_term_1_std,Fy_term_1_mean,Fy_term_1_std,Cd_term_1_mean,Cd_term_1_std,Cl_term_1_mean,Cl_term_1_std,Fx_term_2_mean,Fx_term_2_std,Fy_term_2_mean,Fy_term_2_std,Cd_term_2_mean,Cd_term_2_std,Cl_term_2_mean,Cl_term_2_std,Fx_term_3_mean,Fx_term_3_std,Fy_term_3_mean,Fy_term_3_std,Cd_term_3_mean,Cd_term_3_std,Cl_term_3_mean,Cl_term_3_std,Fx_term_8_mean,Fx_term_8_std,Fy_term_8_mean,Fy_term_8_std,Cd_term_8_mean,Cd_term_8_std,Cl_term_8_mean,Cl_term_8_std,Fx_term_9_mean,Fx_term_9_std,Fy_term_9_mean,Fy_term_9_std,Cd_term_9_mean,Cd_term_9_std,Cl_term_9_mean,Cl_term_9_std,Fx_term_10_mean,Fx_term_10_std,Fy_term_10_mean,Fy_term_10_std,Cd_term_10_mean,Cd_term_10_std,Cl_term_10_mean,Cl_term_10_std,Fx_total_noca_mean,Fx_total_noca_std,Fy_total_noca_mean,Fy_total_noca_std,Cd_total_noca_mean,Cd_total_noca_std,Cl_total_noca_mean,Cl_total_noca_std,Fx_bernoulli_like_1_2_mean,Fx_bernoulli_like_1_2_std,Fy_bernoulli_like_1_2_mean,Fy_bernoulli_like_1_2_std,Cd_bernoulli_like_1_2_mean,Cd_bernoulli_like_1_2_std,Cl_bernoulli_like_1_2_mean,Cl_bernoulli_like_1_2_std,Fx_viscous_total_8_9_10_mean,Fx_viscous_total_8_9_10_std,Fy_viscous_total_8_9_10_mean,Fy_viscous_total_8_9_10_std,Cd_viscous_total_8_9_10_mean,Cd_viscous_total_8_9_10_std,Cl_viscous_total_8_9_10_mean,Cl_viscous_total_8_9_10_std,Fx_delta_noca_minus_bernoulli_mean,Fx_delta_noca_minus_bernoulli_std,Fy_delta_noca_minus_bernoulli_mean,Fy_delta_noca_minus_bernoulli_std,Cd_delta_noca_minus_bernoulli_mean,Cd_delta_noca_minus_bernoulli_std,Cl_delta_noca_minus_bernoulli_mean,Cl_delta_noca_minus_bernoulli_std,Fx_reduced_total_1_2_3_8_9_10_mean,Fx_reduced_total_1_2_3_8_9_10_std,Fy_reduced_total_1_2_3_8_9_10_mean,Fy_reduced_total_1_2_3_8_9_10_std,Cd_reduced_total_1_2_3_8_9_10_mean,Cd_reduced_total_1_2_3_8_9_10_std,Cl_reduced_total_1_2_3_8_9_10_mean,Cl_reduced_total_1_2_3_8_9_10_std,Fx_closure_residual_all_terms_mean,Fx_closure_residual_all_terms_std,Fy_closure_residual_all_terms_mean,Fy_closure_residual_all_terms_std,Fx_omitted_terms_4_5_6_7_mean,Fx_omitted_terms_4_5_6_7_std,Fy_omitted_terms_4_5_6_7_mean,Fy_omitted_terms_4_5_6_7_std,Cd_omitted_terms_4_5_6_7_mean,Cd_omitted_terms_4_5_6_7_std,Cl_omitted_terms_4_5_6_7_mean,Cl_omitted_terms_4_5_6_7_std,n_samples,Fx_rotational_total_3_4_mean,Fx_rotational_total_3_4_std,Fy_rotational_total_3_4_mean,Fy_rotational_total_3_4_std,Cd_rotational_total_3_4_mean,Cd_rotational_total_3_4_std,Cl_rotational_total_3_4_mean,Cl_rotational_total_3_4_std
6,1,CFD,ellipse,True,1,5.0,360,0.6,0.37,0.39834712,1.2,15.0,7.17024816e-06,True,True,-1.1113669978590766,,20.647513407340764,,-0.0206662674812094,,0.3839479089445399,,-0.0278162752093106,,13.223053265530766,,-0.0005172536029178,,0.2458874127359959,,2.682395978857389,,-1.4662031524300647,,0.0498801142164353,,-0.0272645728983168,,-1.5639178025889824e-05,,1.709757508656344e-05,,-2.908161182506841e-07,,3.179355340761956e-07,,2.1025616884002555e-05,,-1.7782920876835293e-05,,3.90978878551628e-07,,-3.306797845768524e-07,,3.031709254392404e-05,,1.4672332207960696e-05,,5.63757197192536e-07,,2.7283727388612813e-07,,1.543248409320443,,32.40437750742784,,0.0286972570522662,,0.6025710088752416,,-1.139183273068387,,33.87056667287153,,-0.0211835210841272,,0.629835321680536,,3.5703531402036775e-05,,1.398698641768884e-05,,6.6391995749348e-07,,2.6009302338547125e-07,,2.6824316823887906,,-1.466189165443647,,0.0498807781363928,,-0.0272643128052934,,1.5432484093204035,,32.40437750742789,,0.0286972570522655,,0.6025710088752426,,3.952393967665557e-14,,-4.973799150320701e-14,,3.952393967665557e-14,,-4.973799150320701e-14,,7.349618180515075e-16,,-9.248957710311105e-16,,1,2.682395978857389,,-1.4662031524300647,,0.0498801142164353,,-0.0272645728983168,
6,1,CFD,rectangle,True,1,5.0,360,0.6,0.37,0.39834712,1.2,15.0,7.17024816e-06,True,True,0.0702764338413031,,18.61170926498324,,0.0013068154643674,,0.3460914015744608,,-1.3496721956390596,,13.816414582889507,,-0.0250976380086508,,0.2569211790086683,,2.8954506463338183,,0.2317504400765506,,0.0538419420866798,,0.0043094824596521,,-1.7711616034374903e-05,,-5.3072412897081085e-05,,-3.293538454857775e-07,,-9.86900531433045e-07,,-1.5250248204541956e-06,,7.495660524516997e-05,,-2.835838288855348e-08,,1.393844928330811e-06,,1.5780341073237807e-05,,1.5170571704706747e-05,,2.934410956888984e-07,,2.821022158263627e-07,,1.6160514282363725,,32.65991134271336,,0.0300510552712654,,0.6073227520893941,,-1.2793957617977565,,32.42812384787275,,-0.0237908225442833,,0.6030125805831291,,-3.4562997815912936e-06,,3.705476405279564e-05,,-6.427113268543262e-08,,6.89046612724129e-07,,2.895447190034037,,0.2317874948406034,,0.0538418778155471,,0.0043101715062649,,1.61605142823628,,32.65991134271336,,0.0300510552712637,,0.6073227520893941,,9.2148511043888e-14,,0.0,,9.2148511043888e-14,,0.0,,1.7135345757942453e-15,,0.0,,1,2.8954506463338183,,0.2317504400765506,,0.0538419420866798,,0.0043094824596521,
6,1,PIV,ellipse,False,1,5.0,360,0.6,0.37,0.39834712,1.2,15.0,1.7072019428571428e-05,True,True,-3.3943044648897707,,18.09583020156117,,-0.0631183075610551,,0.3364984455723715,,6.29146330414268,,11.53251155225366,,0.116992014107039,,0.214451183927664,,0.2135057862787841,,2.13358598967224,,0.0039702165859911,,0.0396747958520167,,0.0001483453779787,,-0.0002228721758039,,2.7585354494201462e-06,,-4.1443879547945125e-06,,0.0001234612586531,,0.0001229468471713,,2.295806335627932e-06,,2.286240669832891e-06,,4.939377171388039e-05,,-5.238619170985919e-05,,9.18494880729119e-07,,-9.74140002612484e-07,,3.110985825940033,,31.76177543196664,,0.0578498959686407,,0.5906215930647629,,2.897158839252909,,29.62834175381484,,0.0538737065459839,,0.5509496295000356,,0.0003212004083457,,-0.0001523115203423,,5.972836665777198e-06,,-2.832287287574105e-06,,0.2138269866871299,,2.133433678151897,,0.0039761894226569,,0.0396719635647291,,3.11098582594004,,31.761775431966736,,0.0578498959686408,,0.5906215930647648,,-6.661338147750939e-15,,-9.947598300641405e-14,,-6.661338147750939e-15,,-9.947598300641405e-14,,-1.238699693345237e-16,,-1.849791542062221e-15,,1,0.2135057862787841,,2.13358598967224,,0.0039702165859911,,0.0396747958520167,
6,1,PIV,rectangle,False,1,5.0,360,0.6,0.37,0.39834712,1.2,15.0,1.7072019428571428e-05,True,True,-2.443053060142492,,16.399522071410484,,-0.0454294468964375,,0.3049549881764108,,5.381929020201048,,11.90196774000972,,0.100078898249291,,0.2213213540995903,,1.324835550145944,,-1.0884212278436685,,0.0246357916877815,,-0.0202395826672693,,-0.000261561274152,,0.0001810248313915,,-4.863825599252819e-06,,3.366221593304489e-06,,0.0001028132568884,,-0.0003258117711933,,1.911849345502625e-06,,-6.058586609985557e-06,,6.166979280433593e-05,,-3.930252840207717e-05,,1.1467718908878217e-06,,-7.308445960783812e-07,,4.2636144319801215,,27.212884494108337,,0.0792834378362737,,0.5060333363991192,,2.938875960058556,,28.301489811420204,,0.0546494513528535,,0.5262763422760012,,-9.707822445928424e-05,,-0.0001840894682038,,-1.8052043628623723e-06,,-3.423209612759449e-06,,1.3247384719214843,,-1.0886053173118722,,0.0246339864834187,,-0.020243005876882,,4.263614431980041,,27.21288449410833,,0.0792834378362722,,0.506033336399119,,8.082423619271142e-14,,7.105427357601002e-15,,8.082423619271142e-14,,7.105427357601002e-15,,1.5029556279255546e-15,,1.3212796729015862e-16,,1,1.324835550145944,,-1.0884212278436685,,0.0246357916877815,,-0.0202395826672693,
6,2,CFD,ellipse,True,1,5.0,360,0.67,0.39,0.39834712,1.2,15.0,7.17024816e-06,True,True,0.1231872570302962,,19.05888503950175,,0.0022907111772878,,0.3544067953058917,,-3.3089110054620594,,12.51502691008965,,-0.0615303855901143,,0.2327214090005247,,1.2096015109564904,,-0.908691349621216,,0.0224929734455474,,-0.0168974411920719,,-8.174684369898643e-05,,-8.448898347166134e-06,,-1.5201118450361776e-06,,-1.5711029165023366e-07,,8.923208041026031e-05,,-2.88596663813752e-06,,1.6593025033275894e-06,,-5.366558355654866e-08,,2.465681803191348e-05,,1.2062940989951856e-05,,4.585023648035724e-07,,2.243147093522048e-07,,-1.976090095420561,,30.6652213280462,,-0.0367461032742565,,0.5702307766531788,,-3.185723748431763,,31.5739119495914,,-0.0592396744128265,,0.5871282043064164,,3.214205474318735e-05,,7.280760046482001e-07,,5.976930230949841e-07,,1.3538834145422385e-08,,1.2096336530112335,,-0.9086906215452112,,0.0224935711385705,,-0.0168974276532378,,-1.9760900954205287,,30.66522132804619,,-0.0367461032742559,,0.5702307766531787,,-3.1974423109204515e-14,,7.105427357601002e-15,,-3.1974423109204515e-14,,7.105427357601002e-15,,-5.945758528057139e-16,,1.3212796729015862e-16,,1,1.2096015109564904,,-0.908691349621216,,0.0224929734455474,,-0.0168974411920719,
6,2,CFD,rectangle,True,1,5.0,360,0.67,0.39,0.39834712,1.2,15.0,7.17024816e-06,True,True,0.9759012243225512,,18.067522581153543,,0.0181472328906126,,0.3359720552294626,,-4.513401476860929,,12.80991333356461,,-0.0839283174240174,,0.2382049276904359,,1.3129754642768738,,-0.1722470719147417,,0.0244152491420766,,-0.0032029960111309,,-0.0001392233794223,,-0.0001138887418556,,-2.5889086182359703e-06,,-2.117801956348148e-06,,8.472979943819069e-05,,-1.0591036553673671e-05,,1.575580975674175e-06,,-1.969441190382021e-07,,1.6573454996873046e-05,,1.4233771170013756e-05,,3.081893332382338e-07,,2.646820742675431e-07,,-2.224562708386542,,30.705078596796184,,-0.0413665405296384,,0.5709719368447667,,-3.5375002525383783,,30.87743591471816,,-0.0657810845334048,,0.5741769829198986,,-3.792012498729583e-05,,-0.0001102460072392,,-7.051383093235614e-07,,-2.050064001118807e-06,,1.3129375441518865,,-0.172357317921981,,0.0244145440037673,,-0.003205046075132,,-2.224562708386492,,30.705078596796177,,-0.0413665405296375,,0.5709719368447665,,-5.018208071305708e-14,,7.105427357601002e-15,,-5.018208071305708e-14,,7.105427357601002e-15,,-9.331537689867455e-16,,1.3212796729015862e-16,,1,1.3129754642768738,,-0.1722470719147417,,0.0244152491420766,,-0.0032029960111309,
6,2,PIV,ellipse,False,1,5.0,360,0.67,0.39,0.39834712,1.2,15.0,1.7072019428571428e-05,True,True,-1.6578032897643595,,16.450414310812256,,-0.0308274460943131,,0.3059013476006341,,1.15494771862188,,12.502104242888748,,0.0214766665969318,,0.2324811073742762,,2.719394246592239,,-1.4192822732885817,,0.050568110259887,,-0.0263920623409047,,0.0001534517764949,,-0.0002788556037066,,2.8534907592360426e-06,,-5.185419853152269e-06,,0.0002354063936811,,7.473051278399316e-05,,4.377466226703243e-06,,1.3896406580158153e-06,,6.581016676942983e-05,,3.7071330402748975e-05,,1.2237636280904735e-06,,6.893546699365372e-07,,2.2169933437867084,,27.53306922665195,,0.0412257854831198,,0.5119872862094813,,-0.5028555711424796,,28.952518553701005,,-0.0093507794973812,,0.5383824549749103,,0.0004546683369454,,-0.0001670537605199,,8.454720614029759e-06,,-3.106424525199916e-06,,2.719848914929184,,-1.4194493270491018,,0.050576564980501,,-0.0263951687654299,,2.2169933437867044,,27.533069226651904,,0.0412257854831197,,0.5119872862094804,,3.996802888650564e-15,,4.618527782440651e-14,,3.996802888650564e-15,,4.618527782440651e-14,,7.432198160071424e-17,,8.58831787386032e-16,,1,2.719394246592239,,-1.4192822732885817,,0.050568110259887,,-0.0263920623409047,
6,2,PIV,rectangle,False,1,5.0,360,0.67,0.39,0.39834712,1.2,15.0,1.7072019428571428e-05,True,True,-1.3517736993010865,,15.43912282154968,,-0.0251367162221265,,0.2870960200546193,,1.2884957932779844,,12.27386549803792,,0.0239600408898164,,0.2282369261454389,,0.7002940373375233,,-0.0435987292362721,,0.0130222185101707,,-0.0008107339897381,,0.0001701241959884,,5.111209803855387e-05,,3.1635203727452866e-06,,9.504477743404234e-07,,-1.1641425445584086e-05,,-0.0003419137949935,,-2.164764767934073e-07,,-6.358009511226494e-06,,4.029167247492504e-05,,7.489055336753032e-05,,7.492380844816773e-07,,1.3926166700024938e-06,,0.6372149057574736,,27.66917367920772,,0.0118492394598417,,0.5145181972652527,,-0.0632779060231019,,27.7129883195876,,-0.00117667533231,,0.5153329462000582,,0.0001987744430178,,-0.0002159111435874,,3.696281980433556e-06,,-4.014945066883577e-06,,0.700492811780541,,-0.0438146403798595,,0.0130259147921511,,-0.000814748934805,,0.6372149057574391,,27.66917367920773,,0.0118492394598411,,0.5145181972652532,,3.4527936065842375e-14,,-2.4868995751603507e-14,,3.4527936065842375e-14,,-2.4868995751603507e-14,,6.42059341050615e-16,,-4.624478855155552e-16,,1,0.7002940373375233,,-0.0435987292362721,,0.0130222185101707,,-0.0008107339897381,
6,3,CFD,ellipse,True,1,5.0,360,0.67,0.43,0.39834712,1.2,15.0,7.17024816e-06,True,True,-1.726102065471757,,18.020642882729927,,-0.0320974862971689,,0.3351003104422526,,-0.298249570776511,,11.898558733791448,,-0.0055460576188576,,0.2212579624076581,,2.9646931509389627,,-1.2882070544479385,,0.0551295312664875,,-0.0239546716878287,,7.535958717974819e-06,,-1.5959622517408455e-05,,1.4013385217757598e-07,,-2.967748983722475e-07,,-1.4445147644111936e-05,,-3.4600846484982864e-05,,-2.68612695530693e-07,,-6.434151364152667e-07,,3.548924746512261e-05,,6.62028086548969e-06,,6.599352709176454e-07,,1.231064944617796e-07,,0.9403700947492538,,28.63095062188517,,0.0174865188068889,,0.5324027840785391,,-2.024351636248268,,29.919201616521377,,-0.0376435439160266,,0.5563582728499107,,2.858005853898549e-05,,-4.394018813690162e-05,,5.314564275645283e-07,,-8.170835403257344e-07,,2.9647217309975016,,-1.2882509946360752,,0.0551300627229151,,-0.0239554887713691,,0.9403700947492336,,28.6309506218853,,0.0174865188068885,,0.5324027840785416,,2.0317081350640365e-14,,-1.3500311979441906e-13,,2.0317081350640365e-14,,-1.3500311979441906e-13,,3.778034064702974e-16,,-2.5104313785130144e-15,,1,2.9646931509389627,,-1.2882070544479385,,0.0551295312664875,,-0.0239546716878287,
6,3,CFD,rectangle,True,1,5.0,360,0.67,0.43,0.39834712,1.2,15.0,7.17024816e-06,True,True,-0.9052735832916808,,16.515020865828305,,-0.0168338866027324,,0.3071027296369671,,-1.3291769631851027,,12.183582506353911,,-0.0247165218185903,,0.2265580815704787,,3.201361546260509,,0.3361432815229819,,0.0595304648658168,,0.0062507047459099,,-7.81727742154079e-05,,-1.810150014021612e-05,,-1.4536507425503647e-06,,-3.366038801129605e-07,,5.0020770625171646e-05,,-1.0218331179019609e-05,,9.301541501119008e-07,,-1.900135290718605e-07,,3.187125612894518e-05,,1.081162681545048e-05,,5.926574258474048e-07,,2.010460739841484e-07,,0.9669147190362496,,29.03472914550071,,0.0179801256053272,,0.5399111903820208,,-2.234450546476784,,28.69860337218222,,-0.0415504084213227,,0.5336608112074459,,3.719252538708928e-06,,-1.7508204503785246e-05,,6.916083340894074e-08,,-3.255713352006727e-07,,3.201365265513048,,0.3361257733184781,,0.0595305340266502,,0.0062503791745747,,0.9669147190362642,,29.03472914550069,,0.0179801256053275,,0.5399111903820206,,-1.4654943925052066e-14,,1.0658141036401504e-14,,-1.4654943925052066e-14,,1.0658141036401504e-14,,-2.7251393253595223e-16,,1.9819195093523798e-16,,1,3.201361546260509,,0.3361432815229819,,0.0595304648658168,,0.0062507047459099,
6,3,PIV,ellipse,False,1,5.0,360,0.67,0.43,0.39834712,1.2,15.0,1.7072019428571428e-05,True,True,-2.0655158005470846,,14.653086740035398,,-0.0384090062985506,,0.272479397515216,,0.72624976639735,,11.848828044950748,,0.0135048745908835,,0.2203332024322525,,5.906343395177855,,1.3574840548961202,,0.1098305714275837,,0.0252429023301962,,0.0012367054734381,,0.0004806308158646,,2.2996981338102727e-05,,8.937502210795365e-06,,0.0008958271613477,,-0.0002144083620518,,1.6658227002429392e-05,,-3.987000305845335e-06,,0.0001198433283911,,-1.3183868507203134e-05,,2.228529626254569e-06,,-2.4515875811664395e-07,,4.569329736991287,,27.85965187846762,,0.0849683234578831,,0.5180602076208126,,-1.3392660341497349,,26.50191478498615,,-0.0249041317076671,,0.4928125999474686,,0.002252375963177,,0.0002530385853056,,4.188373796678669e-05,,4.705343146833386e-06,,5.908595771141032,,1.357737093481426,,0.1098724551655505,,0.025247607673343,,4.569329736991297,,27.859651878467574,,0.0849683234578833,,0.5180602076208117,,-9.769962616701378e-15,,4.618527782440651e-14,,-9.769962616701378e-15,,4.618527782440651e-14,,-1.816759550239681e-16,,8.58831787386032e-16,,1,5.906343395177855,,1.3574840548961202,,0.1098305714275837,,0.0252429023301962,
6,3,PIV,rectangle,False,1,5.0,360,0.67,0.43,0.39834712,1.2,15.0,1.7072019428571428e-05,True,True,-1.3204661873625958,,14.167919097747868,,-0.0245545418214664,,0.263457531391733,,0.8580630653158325,,12.45668157227693,,0.0159559901074299,,0.2316364565412183,,0.7195975251401084,,-4.597446307608891,,0.013381173781487,,-0.0854911611615013,,0.0003082823069974,,-8.319468647568046e-05,,5.73261994319309e-06,,-1.5470350001699331e-06,,5.277428046445336e-05,,-0.0002692529807036,,9.813566520400294e-07,,-5.006855638194459e-06,,7.462187558330386e-05,,2.1466646931476195e-06,,1.387620510348861e-06,,3.9917999028690426e-08,,0.2576300815564111,,22.026804061413387,,0.0047907236645565,,0.40959631279881,,-0.4624031220467632,,26.6246006700248,,-0.0085985517140365,,0.4950939879329513,,0.0004356784630452,,-0.0003503010024861,,8.10159710558198e-06,,-6.513972639335702e-06,,0.7200332036031536,,-4.597796608611377,,0.0133892753785926,,-0.0854976751341407,,0.2576300815563904,,22.026804061413426,,0.0047907236645561,,0.4095963127988106,,2.0761170560490427e-14,,-3.5527136788005016e-14,,2.0761170560490427e-14,,-3.5527136788005016e-14,,3.860614044259323e-16,,-6.6063983645079365e-16,,1,0.7195975251401084,,-4.597446307608891,,0.013381173781487,,-0.0854911611615013,
6,4,CFD,ellipse,True,1,5.0,360,0.65,0.42,0.39834712,1.2,15.0,7.17024816e-06,True,True,-0.939742455315108,,17.541985436149144,,-0.0174748476267541,,0.3261995037402656,,-1.8936018044626213,,11.983448938337816,,-0.0352122039518108,,0.2228365261737852,,2.4299871635921413,,-0.6132376701845953,,0.0451864818691229,,-0.0114033741743297,,2.52605006030153e-05,,-6.122439352592408e-05,,4.697280584872682e-07,,-1.138489531737938e-06,,-3.016838906885534e-05,,2.1234236676926698e-05,,-5.609920027994371e-07,,3.948582383407438e-07,,3.8866291131700375e-05,,2.933826921506472e-06,,7.227326077502712e-07,,5.4555562672119553e-08,,-0.4033231377829031,,28.91215964797242,,-0.0074999382407782,,0.53763196666399,,-2.8333442597777294,,29.525434374486963,,-0.0526870515785649,,0.5490360299140509,,3.3958402665860334e-05,,-3.705632992749092e-05,,6.314686634381021e-07,,-6.890757307250748e-07,,2.430021121994807,,-0.6132747265145229,,0.0451871133377863,,-0.0114040632500604,,-0.4033231377829222,,28.91215964797244,,-0.0074999382407785,,0.5376319666639904,,1.915134717478395e-14,,-1.7763568394002505e-14,,1.915134717478395e-14,,-1.7763568394002505e-14,,3.5612616183675576e-16,,-3.3031991822539663e-16,,1,2.4299871635921413,,-0.6132376701845953,,0.0451864818691229,,-0.0114033741743297,
6,4,CFD,rectangle,True,1,5.0,360,0.65,0.42,0.39834712,1.2,15.0,7.17024816e-06,True,True,0.0011733684931666,,16.335174987695005,,2.181920749897963e-05,,0.3037584311018696,,-3.001600512182547,,12.268460271275496,,-0.0558158368711661,,0.2281364140173264,,2.5939500562653794,,0.3169829054188252,,0.0482354305993853,,0.0058944106878968,,-5.4429613269645e-05,,-5.413012321841187e-05,,-1.012138158588642e-06,,-1.006569033791282e-06,,3.5076379250727815e-05,,1.1824367145513946e-05,,6.522578385576698e-07,,2.198783432439145e-07,,2.18527092929308e-05,,7.847132013220191e-06,,4.063589582080479e-07,,1.459202310829586e-07,,-0.4064745879487551,,28.92058370576532,,-0.0075585405856442,,0.5377886150366342,,-3.00042714368938,,28.6036352589705,,-0.0557940176636672,,0.5318948451191959,,2.4994752740136104e-06,,-3.445862405967774e-05,,4.647863817707551e-08,,-6.407704594644089e-07,,2.5939525557406533,,0.3169484467947656,,0.0482354770780235,,0.0058937699174373,,-0.4064745879487266,,28.920583705765267,,-0.0075585405856436,,0.5377886150366334,,-2.8421709430404014e-14,,4.618527782440651e-14,,-2.8421709430404014e-14,,4.618527782440651e-14,,-5.285118691606346e-16,,8.58831787386032e-16,,1,2.5939500562653794,,0.3169829054188252,,0.0482354305993853,,0.0058944106878968,
6,4,PIV,ellipse,False,1,5.0,360,0.65,0.42,0.39834712,1.2,15.0,1.7072019428571428e-05,True,True,-2.38131604613405,,14.149290454329604,,-0.0442814250031768,,0.2631111250935115,,0.3787071455047681,,10.467643618606573,,0.0070421950454923,,0.1946495832041341,,11.93630844940826,,8.032151217334423,,0.2219599318936869,,0.1493607294680564,,0.0005904785847072,,0.0002588270585709,,1.0980160826255216e-05,,4.812981880968613e-06,,0.0010984619706115,,1.812508719711682e-05,,2.0426293876214458e-05,,3.370424898862788e-07,,0.0001281436203369,,-1.586885142898099e-06,,2.382876528631479e-06,,-2.950869774634781e-08,,9.935516632954696,,32.6493606555312,,0.1847544912672347,,0.6071265582813747,,-2.0026089006292818,,24.61693407293617,,-0.0372392299576845,,0.4577607082976456,,0.0018170841756557,,0.0002753652606251,,3.3789331231101146e-05,,5.1205156731085455e-06,,11.938125533583914,,8.032426582595049,,0.2219937212249181,,0.1493658499837296,,9.935516632954632,,32.649360655531225,,0.1847544912672336,,0.6071265582813752,,6.217248937900879e-14,,-2.8421709430404014e-14,,6.217248937900879e-14,,-2.8421709430404014e-14,,1.1561197137888885e-15,,-5.285118691606346e-16,,1,11.93630844940826,,8.032151217334423,,0.2219599318936869,,0.1493607294680564,
6,4,PIV,rectangle,False,1,5.0,360,0.65,0.42,0.39834712,1.2,15.0,1.7072019428571428e-05,True,True,-1.4865348096740696,,13.716386581465716,,-0.0276426473487461,,0.2550611224863699,,0.3685236533282854,,11.240991064440909,,0.0068528293601539,,0.2090302560172647,,0.2291069124985454,,-3.389206281727684,,0.0042603251172745,,-0.0630235050186916,,0.0003485488878275,,9.199438077457282e-05,,6.4813914395500686e-06,,1.710668468217941e-06,,0.0001305654636348,,-0.0004757828482476,,2.4279115724008373e-06,,-8.84735251613549e-06,,9.049031927008134e-05,,-1.2501110878844618e-05,,1.682699905699988e-06,,-2.324626354139951e-07,,-0.8883346391765037,,21.56777507460057,,-0.0165189008683999,,0.4010605043382593,,-1.1180111563457842,,24.957377645906625,,-0.0207898179885921,,0.4640913785036347,,0.0005696046707325,,-0.0003962895783519,,1.0592002917650894e-05,,-7.369146683331543e-06,,0.229676517169278,,-3.3896025713060363,,0.0042709171201921,,-0.0630308741653749,,-0.8883346391765062,,21.56777507460059,,-0.0165189008684,,0.4010605043382597,,2.55351295663786e-15,,-2.131628207280301e-14,,2.55351295663786e-15,,-2.131628207280301e-14,,4.748348824490077e-17,,-3.9638390187047596e-16,,1,0.2291069124985454,,-3.389206281727684,,0.0042603251172745,,-0.0630235050186916,
16,1,CFD,ellipse,True,1,5.0,360,0.6,0.44,0.39834712,1.2,15.0,7.17024816e-06,True,True,-9.759092220801811,,16.305645545118747,,-0.1814738161178104,,0.3032093205380076,,-6.040837295623513,,12.574530137693095,,-0.1123315336898746,,0.2338278928353128,,28.39763695633246,,1.9822153391090995,,0.5280642328811199,,0.0368600043750619,,6.246345456478217e-05,,0.0001478446415732,,1.1615303156589245e-06,,2.7492240765662296e-06,,0.0003399292370549,,-0.000206108253223,,6.321105945375257e-06,,-3.832656808595143e-06,,0.0002009915743777,,-3.4652832089794975e-05,,3.737510332376126e-06,,-6.443818273610021e-07,,12.598310824173138,,30.862298105477404,,0.2342701032200283,,0.5738954899338269,,-15.799929516425326,,28.88017568281184,,-0.2938053498076851,,0.5370372133733206,,0.0006033842659974,,-9.291644373965064e-05,,1.1220146593410307e-05,,-1.7278145593899155e-06,,28.398240340598456,,1.98212242266536,,0.5280754530277133,,0.0368582765605025,,12.598310824173131,,30.862298105477205,,0.2342701032200282,,0.5738954899338231,,7.105427357601002e-15,,1.9895196601282805e-13,,7.105427357601002e-15,,1.9895196601282805e-13,,1.3212796729015862e-16,,3.699583084124442e-15,,1,28.39763695633246,,1.9822153391090995,,0.5280642328811199,,0.0368600043750619,
16,1,CFD,rectangle,True,1,5.0,360,0.6,0.44,0.39834712,1.2,15.0,7.17024816e-06,True,True,-9.867566693683642,,18.87260967778134,,-0.1834909378028861,,0.3509429382200786,,-3.7054979288613694,,12.077621214991003,,-0.0689050615111275,,0.2245876933961144,,35.91043087226384,,0.0534010736101941,,0.6677673272657244,,0.0009930120951386,,-0.000114688265277,,-3.8917237941411664e-05,,-2.1326693808047417e-06,,-7.236799819289502e-07,,0.0001185019204975,,-1.0002633799859306e-05,,2.2035856659021896e-06,,-1.8600255903108205e-07,,-1.3620664248249576e-05,,-9.268263314241103e-06,,-2.532811314069326e-07,,-1.7234667675697489e-07,,22.337356442709883,,31.00357377824742,,0.4153711455868659,,0.5765225616821129,,-13.573064622545012,,30.950230892772343,,-0.2523959993140137,,0.5755306316161931,,-9.8070090277445e-06,,-5.818813505551208e-05,,-1.8236484630948485e-07,,-1.0820292177170072e-06,,35.91042106525481,,0.0533428854751386,,0.6677671449008781,,0.0009919300659209,,22.3373564427098,,31.00357377824748,,0.4153711455868644,,0.576522561682114,,8.526512829121202e-14,,-6.039613253960854e-14,,8.526512829121202e-14,,-6.039613253960854e-14,,1.585535607481904e-15,,-1.1230877219663485e-15,,1,35.91043087226384,,0.0534010736101941,,0.6677673272657244,,0.0009930120951386,
16,1,PIV,ellipse,False,1,5.0,360,0.6,0.44,0.39834712,1.2,15.0,1.7072019428571428e-05,True,True,-4.816258984363926,,14.43249420854116,,-0.0895600612771339,,0.268377400363061,,-9.601746679380348,,14.005469820609251,,-0.1785479194047931,,0.2604367288846016,,34.42878907878963,,-7.938997835253569,,0.6402156673061764,,-0.1476285089553268,,-0.0004657551653323,,-0.0003101215680208,,-8.660884159827124e-06,,-5.7668216608531805e-06,,0.0017886626744951,,-0.0004266046676282,,3.326082323479183e-05,,-7.932866629044614e-06,,0.0001912007389902,,-0.0002505100704516,,3.555446240701232e-06,,-4.658324507263291e-06,,20.01229752329353,,20.49797895759072,,0.3721358420095654,,0.381167262279538,,-14.418005663744276,,28.43796402915041,,-0.2681079806819271,,0.5288141292476627,,0.001514108248153,,-0.0009872363061007,,2.815538531566593e-05,,-1.835801279716109e-05,,34.43030318703778,,-7.93998507155967,,0.640243822691492,,-0.147646866968124,,20.012297523293505,,20.497978957590743,,0.3721358420095649,,0.3811672622795387,,2.4868995751603507e-14,,-3.1974423109204515e-14,,2.4868995751603507e-14,,-3.1974423109204515e-14,,4.624478855155552e-16,,-5.945758528057139e-16,,1,34.42878907878963,,-7.938997835253569,,0.6402156673061764,,-0.1476285089553268,
16,1,PIV,rectangle,False,1,5.0,360,0.6,0.44,0.39834712,1.2,15.0,1.7072019428571428e-05,True,True,-2.447050254973376,,19.90540135538832,,-0.0455037761663444,,0.3701480694709701,,-10.591111543360984,,15.85396751779854,,-0.1969455134983033,,0.2948102058027615,,-3.874809387007628,,-2.395935417427614,,-0.0720534687325267,,-0.044553277449886,,-0.0001109577803937,,2.155838209326306e-05,,-2.0632996779244067e-06,,4.008858384851785e-07,,0.0005098961815825,,0.0001126354620151,,9.48170217086874e-06,,2.0944967687173943e-06,,-0.0001382370694758,,-0.0001164610665514,,-2.570567831427541e-06,,-2.1656352556224864e-06,,-16.91271048401019,,33.36345118853683,,-0.3144979105625114,,0.6204053275711976,,-13.03816179833436,,35.75936887318686,,-0.2424492896646478,,0.6649582752737316,,0.0002607013317129,,1.7732777556989917e-05,,4.847834661516793e-06,,3.297473515800866e-07,,-3.874548685675916,,-2.395917684650057,,-0.0720486208978651,,-0.0445529477025345,,-16.912710484010272,,33.3634511885368,,-0.314497910562513,,0.6204053275711972,,8.171241461241152e-14,,2.8421709430404014e-14,,8.171241461241152e-14,,2.8421709430404014e-14,,1.5194716238368245e-15,,5.285118691606346e-16,,1,-3.874809387007628,,-2.395935417427614,,-0.0720534687325267,,-0.044553277449886,
6,1,CFD,ellipse,True,2,5.0,360,0.6,0.37,0.39834712,1.2,15.0,7.17024816e-06,True,True,-1.067778421489928,0.0467039629013038,20.43554847245445,0.873420456580028,-0.0198557222876728,0.0008684769222139,0.380006345042214,0.0162415662998945,-0.1948075372064864,0.1387032651460327,13.442839878330131,0.6691324439905031,-0.0036225159456961,0.0025792369069326,0.249974423541293,0.0124427575179955,2.693125954921861,0.0203441785872228,-1.4272966182599598,0.2432780704926208,0.0500796419654529,0.0003783072892923,-0.02654109195685,0.0045238428771038,8.698685804600397e-06,2.514996349105233e-05,-5.710526800614753e-05,5.0987212544909344e-05,1.617551789095567e-07,4.676725812895218e-07,-1.0618929169883857e-06,9.481254838448872e-07,-3.3826075455798857e-06,3.080286661663785e-05,1.4063699303613649e-05,4.734069871533208e-05,-6.290079915597389e-08,5.727903401070542e-07,2.615195269822413e-07,8.803172527914679e-07,3.115160359192497e-05,9.97781454716341e-07,1.805103369939092e-05,2.589661138906859e-06,5.792752291002988e-07,1.8554103613550752e-08,3.356654385658142e-07,4.8155676644565134e-08,1.4305764639073288,0.1001075897034825,32.451066741989635,0.0511297388978934,0.0266020818616935,0.0018615364948723,0.6034392119187059,0.0009507758124398,-1.2625859586964143,0.1015158383869239,33.87838835078458,0.2100315313147814,-0.0234782382333689,0.0018877233836571,0.629980768583507,0.0039056115702562,3.646768185094548e-05,7.393983230783895e-06,-2.4990535003142966e-05,4.011000497696216e-05,6.781296088538816e-07,1.3749376712941917e-07,-4.647079514403301e-07,7.458599122732392e-07,2.693162422603712,0.0203390282917089,-1.427321608794963,0.2432860847364102,0.0500803200950618,0.0003782115177021,-0.0265415566648014,0.0045239919048382,1.430576463907297,0.1001075897034771,32.45106674198962,0.0511297388978808,0.0266020818616929,0.0018615364948722,0.6034392119187056,0.0009507758124396,3.1530333899354446e-14,6.993523870246152e-15,1.2434497875801752e-14,5.898646030484293e-14,3.1530333899354446e-14,6.993523870246152e-15,1.2434497875801752e-14,5.898646030484293e-14,5.86317854850079e-16,1.3004708185248554e-16,2.3122394275777767e-16,1.0968743617346513e-15,4,2.693125954921861,0.0203441785872228,-1.4272966182599598,0.2432780704926208,0.0500796419654529,0.0003783072892923,-0.02654109195685,0.0045238428771038
6,1,CFD,rectangle,True,2,5.0,360,0.6,0.37,0.39834712,1.2,15.0,7.17024816e-06,True,True,-0.0831285499150456,0.2088822821204396,18.53555542843512,0.8503214625637535,-0.0015458051671309,0.0038842408697597,0.3446752937011341,0.0158120322307645,-1.265010381330263,0.1700216699505677,13.913937843743804,0.8497905183292256,-0.0235233212408139,0.0031616138643392,0.2587346589827337,0.0158021591325085,2.7899991052392608,0.0960596063564824,0.0832980478086848,0.148939085063343,0.0518810329011775,0.0017862627943127,0.0015489570411871,0.0027695756453584,-2.6612313265788105e-05,1.004381725687935e-05,-3.959842494862229e-05,1.7747940275457082e-05,-4.948654992491103e-07,1.867683801686691e-07,-7.363468983686665e-07,3.300293077621474e-07,1.1484591793558724e-05,1.4975765580261891e-05,3.10880083179813e-05,4.505307562707367e-05,2.135600988470991e-07,2.784797261514753e-07,5.780926521978063e-07,8.377780819062319e-07,1.6711681933013076e-05,8.391621155746445e-07,1.5318236189025198e-05,8.536803157415677e-07,3.107597126366512e-07,1.5604520175577783e-08,2.848480898142341e-07,1.5874491308941753e-08,1.4418617579544404,0.1505341246661266,32.53279812780718,0.1339262039226969,0.0268119359475454,0.0027992359782077,0.6049590363188988,0.0024904057420647,-1.3481389312453085,0.0554615835725174,32.44949327217893,0.0176415109967601,-0.0250691264079449,0.001031328016082,0.6034099526838679,0.0003280502171957,1.583960460783694e-06,8.929934818163813e-06,6.807819558384211e-06,2.835725122705534e-05,2.9454312234639946e-08,1.660553371635571e-07,1.2659384364337376e-07,5.273132457767049e-07,2.7900006891997213,0.0960586907046154,0.0833048556282432,0.1489511822673581,0.0518810623554898,0.0017862457674382,0.0015490836350308,0.002769800597201,1.4418617579544128,0.1505341246661072,32.53279812780717,0.1339262039227512,0.0268119359475449,0.0027992359782074,0.6049590363188986,0.0024904057420658,2.731148640577885e-14,5.4247092081639104e-14,8.881784197001252e-15,6.444038954788687e-14,2.731148640577885e-14,5.4247092081639104e-14,8.881784197001252e-15,6.444038954788687e-14,5.078668742715474e-16,1.008744111708013e-15,1.6515995911269834e-16,1.1982921299223552e-15,4,2.7899991052392608,0.0960596063564824,0.0832980478086848,0.148939085063343,0.0518810329011775,0.0017862627943127,0.0015489570411871,0.0027695756453584
6,1,PIV,ellipse,False,2,5.0,360,0.6,0.37,0.39834712,1.2,15.0,1.7072019428571428e-05,True,True,-3.2885558630300147,0.1060540616644618,17.61111537828334,0.7280040949179273,-0.0611518744241996,0.0019721132713573,0.3274849997805997,0.0135374969582257,5.90472617721121,0.3083021448291263,11.942399885456746,0.6968766565069888,0.1098004986801128,0.0057329888347802,0.2220732043293137,0.0129586710893232,0.6799457177222679,0.4934629875593134,1.0247978975298448,1.0410488507454785,0.0126438342169785,0.0091761210406849,0.0190564840465223,0.0193586763435995,0.0001321834789509,2.190409867223569e-05,-0.0003004263924708,8.985356303311965e-05,2.4579991468702456e-06,4.073145621268741e-07,-5.586536398127134e-06,1.6708591953507253e-06,0.0001186712299305,1.906166518758991e-05,0.0001748851029911,0.0001158106125276,2.206734035466102e-06,3.544584931556011e-07,3.252051144092699e-06,2.153539830019597e-06,8.157459683783649e-05,4.330700181653969e-05,-4.780766594196585e-05,1.5332041985023278e-05,1.5169088529442937e-06,8.053092138545954e-07,-8.890006756654264e-07,2.851048135368541e-07,3.2964484612092093,0.2495521389951387,30.578139812314504,1.0975620252749878,0.0612986401149275,0.0046405114286428,0.5686114646705059,0.0204095590702677,2.616170314181196,0.2520369316447001,29.55351526374009,0.0587998596061472,0.0486486242559131,0.004686717038158,0.5495582041099135,0.0010934044548911,0.0003324293057193,6.434061934536412e-05,-0.0001733489554216,0.0001335626429946,6.181642035280642e-06,1.1964368672629803e-06,-3.223485929699861e-06,2.4836451963582736e-06,0.6802781470279873,0.4934438315080299,1.0246245485744232,1.0411451472726738,0.0126500158590138,0.0091757648270485,0.0190532605605926,0.0193604670120217,3.296448461209183,0.249552138995115,30.57813981231451,1.0975620252750142,0.061298640114927,0.0046405114286423,0.568611464670506,0.0204095590702682,2.6312285683616213e-14,2.6926055702695972e-14,-8.881784197001252e-15,6.995027692190262e-14,2.6312285683616213e-14,2.6926055702695972e-14,-8.881784197001252e-15,6.995027692190262e-14,4.892863788713688e-16,5.006996522641223e-16,-1.6515995911269831e-16,1.3007504596029237e-15,4,0.6799457177222679,0.4934629875593134,1.0247978975298448,1.0410488507454785,0.0126438342169785,0.0091761210406849,0.0190564840465223,0.0193586763435995
6,1,PIV,rectangle,False,2,5.0,360,0.6,0.37,0.39834712,1.2,15.0,1.7072019428571428e-05,True,True,-2.5004745790263465,0.1455856275152649,16.058076336476173,1.0509849248493348,-0.0464972206117962,0.0027072169008492,0.2986056824096713,0.0195434412012379,5.202330480341965,0.1920135569308852,11.959190314791924,1.01141772823739,0.0967391990580135,0.0035705608815057,0.2223854283781056,0.0188076750049776,-1.379789839186783,3.392075979897556,-0.8978881330551203,0.5158318676527064,-0.0256576863803048,0.0630768680842524,-0.0166965515096875,0.0095920783798498,-0.0002803624756978,3.96009338443457e-05,0.0001311128512074,0.0001202073791499,-5.2134406776757646e-06,7.363935521834747e-07,2.438090440419701e-06,2.235299280537687e-06,6.198321695197191e-05,7.719631744017245e-05,-0.0004234743401565,0.0001703314551107,1.1526001251997932e-06,1.4354931789914962e-06,-7.874657068243739e-06,3.167374430375875e-06,7.210318815518701e-05,2.4811075778243872e-05,-6.87576499680571e-06,3.9189429999178354e-05,1.3407846152833297e-06,4.613708428606443e-07,-1.278573134128124e-07,7.287414907580801e-07,1.3219197860582348,3.437808461190216,27.11907928095903,0.6862798242697732,0.024581572009975,0.0639272799579127,0.504288994854148,0.0127616191974732,2.7018559013156187,0.2883091221688919,28.0172666512681,0.27644884575409,0.0502419784462172,0.0053612114157546,0.5209911107877768,0.0051406653267835,-0.0001462760705906,9.144023103267966e-05,-0.0002992372539458,0.0001388111790691,-2.7200559371926426e-06,1.7003638552389083e-06,-5.56442394123685e-06,2.581243604994013e-06,-1.379936115257374,3.392066616298904,-0.8981873703090661,0.5158743918037862,-0.025660406436242,0.063076693964781,-0.0167021159336288,0.0095928691316737,1.321919786058245,3.437808461190213,27.119079280959028,0.6862798242698116,0.0245815720099752,0.0639272799579127,0.504288994854148,0.0127616191974739,-1.0103029524088925e-14,7.444942914963782e-14,1.7763568394002505e-15,4.806021983394502e-14,-1.0103029524088925e-14,7.444942914963782e-14,1.7763568394002505e-15,4.806021983394502e-14,-1.8786945349069435e-16,1.384413807134542e-15,3.303199182253967e-17,8.93697005766209e-16,4,-1.379789839186783,3.392075979897556,-0.8978881330551203,0.5158318676527064,-0.0256576863803048,0.0630768680842524,-0.0166965515096875,0.0095920783798498
6,2,CFD,ellipse,True,2,5.0,360,0.67,0.39,0.39834712,1.2,15.0,7.17024816e-06,True,True,0.1351432969524586,0.0682941230179654,18.84679051494973,0.7249852338795594,0.0025130380229863,0.0012699536844289,0.3504628216373055,0.0134813601556864,-3.4995321446705345,0.1593000901159346,12.71957932143876,0.6271518477957466,-0.0650750539652272,0.0029622422462234,0.2365251343720812,0.0116621132918733,1.24465980584665,0.0332444623061328,-0.8796103049131112,0.1165228230616409,0.0231448949989414,0.0006181926866741,-0.0163566687472103,0.0021667836400544,2.271331054716196e-05,0.0001265050589721,-3.2996528825721136e-05,4.03953110422445e-05,4.223621468476848e-07,2.3524068930247406e-06,-6.135822747818004e-07,7.511652807703194e-07,-1.7592308237159003e-05,0.0001245963586442,-5.923654481720517e-06,4.033155422349952e-05,-3.271352742535856e-07,2.316913926621584e-06,-1.1015247728367825e-07,7.499796998843718e-07,2.30642737493306e-05,1.8211031382936968e-06,1.4545634428528694e-05,1.8878653819504744e-06,4.288884333273546e-07,3.386406528117892e-08,2.7048128328710814e-07,3.5105533120078696e-08,-2.119700856595358,0.1179714202180611,30.68673515692649,0.0252967779060944,-0.0394165968279933,0.0021937208231495,0.5706308340087072,0.0004704026479346,-3.364388847718076,0.1458566664507477,31.566369836388496,0.099272218605321,-0.0625620159422409,0.0027122569669564,0.5869879560093868,0.0018460024700236,2.818527605933356e-05,5.973906266578912e-06,-2.4374548878912963e-05,2.105472825502834e-05,5.241153059214538e-07,1.110869272262196e-07,-4.532534687783705e-07,3.915202149252314e-07,1.2446879911227096,0.0332388452786177,-0.8796346794619901,0.1165075585861586,0.0231454191142474,0.0006180882360352,-0.0163571220006791,0.0021664997916642,-2.119700856595366,0.1179714202180568,30.686735156926503,0.0252967779061182,-0.0394165968279934,0.0021937208231494,0.5706308340087076,0.0004704026479351,8.215650382226158e-15,5.303659842780099e-14,-1.9539925233402755e-14,2.9224534328527496e-14,8.215650382226158e-15,5.303659842780099e-14,-1.9539925233402755e-14,2.9224534328527496e-14,1.5277296217924598e-16,9.862345485459645e-16,-3.633519100479362e-16,5.434406857596125e-16,4,1.24465980584665,0.0332444623061328,-0.8796103049131112,0.1165228230616409,0.0231448949989414,0.0006181926866741,-0.0163566687472103,0.0021667836400544
6,2,CFD,rectangle,True,2,5.0,360,0.67,0.39,0.39834712,1.2,15.0,7.17024816e-06,True,True,0.8467101891660977,0.2044515080128195,17.965872475241834,0.7591288569400201,0.0157448793081679,0.0038018490378687,0.3340818350930797,0.0141162730587187,-4.5373565329228285,0.1273961137865113,12.953550438037167,0.7722403067742254,-0.0843737702735768,0.0023689763765258,0.2408759111072322,0.0143600851656664,1.319950260749586,0.011798601698425,-0.3241178837482892,0.1546073457528723,0.0245449479812627,0.0002193992255246,-0.0060270881660956,0.0028749789835795,-1.2716505389216162e-05,0.0001424755988868,-7.308849465795434e-05,5.954311671020932e-05,-2.364679735011415e-07,2.649384804312417e-06,-1.3591067426961382e-06,1.1072255870190008e-06,-2.151807739746992e-05,0.0001357769415897,7.718620777070418e-06,6.797561730319939e-05,-4.0013635822742893e-07,2.5248208720254824e-06,1.435305186065865e-07,1.2640309565557052e-06,1.7581173282006677e-05,1.765364213662638e-06,1.4204777265429087e-05,2.0134050674135223e-06,3.2692821577334226e-07,3.2827580008753595e-08,2.641429222244955e-07,3.743998854684963e-08,-2.370712736416628,0.1247934144943741,30.59525386443413,0.1362633671200286,-0.0440842526602617,0.0023205782507509,0.568929706600915,0.0025338661290262,-3.6906463437567294,0.1345583008540307,30.919422913279,0.0371648817937024,-0.0686288909654089,0.0025021598109565,0.5749577462003119,0.0006910942915668,-1.6653409504679405e-05,2.143504644820097e-05,-5.116509661545483e-05,5.417205475936379e-05,-3.096761159552281e-07,3.9859236797927817e-07,-9.514333018650564e-07,1.007348765817589e-06,1.3199336073400811,0.0118027910813231,-0.3241690488449047,0.154557134688581,0.0245446383051467,0.0002194771286004,-0.0060280395993975,0.0028740452908505,-2.370712736416649,0.1247934144944198,30.5952538644341,0.1362633671200259,-0.0440842526602621,0.0023205782507518,0.5689297066009145,0.0025338661290262,2.1205259770340493e-14,5.009013288924282e-14,3.2862601528904634e-14,2.9062124420913044e-14,2.1205259770340493e-14,5.009013288924282e-14,3.2862601528904634e-14,2.9062124420913044e-14,3.943194023815672e-16,9.31443966261884e-16,6.110918487169838e-16,5.404206153428877e-16,4,1.319950260749586,0.011798601698425,-0.3241178837482892,0.1546073457528723,0.0245449479812627,0.0002193992255246,-0.0060270881660956,0.0028749789835795
6,2,PIV,ellipse,False,2,5.0,360,0.67,0.39,0.39834712,1.2,15.0,1.7072019428571428e-05,True,True,-1.3275365872119278,0.4302833108634091,15.961483868444391,0.6667551354079311,-0.0246860184396914,0.0080012723179055,0.2968095108616044,0.012398550613213,0.3853567942578306,0.9539593415539942,11.99547137180302,1.2175551217052123,0.0071658476463447,0.0177392157196782,0.2230600876312025,0.0226408736868638,1.2650826525459191,1.2317752885704072,-0.5709682321179526,1.067358069558079,0.0235246651499608,0.0229053027842094,-0.0106173588301199,0.0198479056929056,-0.0003307630811317,0.0005440339277951,-6.983236404550565e-05,0.0004165932454992,-6.150657992134754e-06,1.0116505791809327e-05,-1.2985578274231007e-06,7.746700647883941e-06,0.0003737794809113,0.0002581567645699,0.0004604045687705,0.0003486978540227,6.950563357003453e-06,4.800517523881034e-06,8.561387899867134e-06,6.484161519317187e-06,7.45563770261418e-05,1.7910467172198122e-05,3.030279872941806e-05,6.836469076596853e-06,1.3864025412130563e-06,3.330515536335937e-07,5.634913985909252e-07,1.271265916984544e-07,0.3230204323686467,1.7334395728267564,27.386407883132883,0.2121010031281483,0.0060066806645205,0.0322339298751552,0.5092600659841575,0.0039440941400303,-0.9421797929540974,0.5240836164602782,27.95695524024741,1.0286327273790898,-0.0175201707933466,0.0097455226051809,0.519869598492807,0.0191277940814271,0.0001175727768058,0.000306764908467,0.0004208750034544,0.0006946121713856,2.186307906081755e-06,5.704403373901032e-06,7.826321471034958e-06,1.29165621772222e-05,1.265200225322725,1.2320747424392426,-0.5705473571144981,1.0680512918749083,0.0235268514578668,0.0229108712361821,-0.0106095325086488,0.0198607964102395,0.3230204323686276,1.7334395728267582,27.386407883132915,0.2121010031281735,0.0060066806645202,0.0322339298751552,0.5092600659841582,0.0039440941400308,1.915134717478395e-14,1.3235267889812163e-14,-3.2862601528904634e-14,8.227044771238504e-14,1.915134717478395e-14,1.3235267889812163e-14,-3.2862601528904634e-14,8.227044771238504e-14,3.5612616183675576e-16,2.461145480504943e-16,-6.110918487169839e-16,1.5298484492506057e-15,4,1.2650826525459191,1.2317752885704072,-0.5709682321179526,1.067358069558079,0.0235246651499608,0.0229053027842094,-0.0106173588301199,0.0198479056929056
6,2,PIV,rectangle,False,2,5.0,360,0.67,0.39,0.39834712,1.2,15.0,1.7072019428571428e-05,True,True,-1.0798906278198273,0.4862536652759522,15.118343851335778,0.7529643300152898,-0.020080953103671,0.009042061110029,0.2811310201818878,0.0140016414720628,0.4663208709795776,1.2389891973893614,11.689832377783326,1.470689202664099,0.0086714036590067,0.0230394480031378,0.2173766210398186,0.0273479926095816,0.56660115432406,0.2005490917426574,-0.9309900310514492,0.9913311576783176,0.0105361514540023,0.0037292822092535,-0.0173120931619461,0.0184341580292588,-0.0004986431149128,0.0007647777582674,-7.288070679158309e-05,0.0001064508167074,-9.272447364645227e-06,1.4221316402666311e-05,-1.3552428528793174e-06,1.979491073521888e-06,0.0003856635258939,0.0005492745815077,0.000273699489504,0.0005433957147751,7.171551431007974e-06,1.0213957625102089e-05,5.089540062335408e-06,1.0104637992057896e-05,5.330493602767172e-05,1.814084691240373e-05,6.61888463182576e-05,7.098348452174217e-06,9.912243823496288e-07,3.373355474380817e-07,1.2308053099658708e-06,1.319963325076735e-07,-0.0470282771691726,0.9238300705962726,25.877453205696693,1.95362708513352,-0.0008745076622131,0.0171789511321697,0.4812005131622797,0.0363283955504179,-0.6135697568402496,0.7568780899341822,26.808176229119105,1.0012039847989556,-0.0114095494446643,0.0140744192398901,0.4985076412217064,0.0186177467865855,-5.967465299118342e-05,0.0002363450032348,0.0002670076290307,0.0005120241905015,-1.1096715512876274e-06,4.394920007619373e-06,4.965102519421962e-06,9.521273259094252e-06,0.5665414796710688,0.2006404160901204,-0.9307230234224184,0.9908356216276044,0.010535041782451,0.0037309804182122,-0.0173071280594267,0.0184249433588661,-0.0470282771691808,0.9238300705963084,25.87745320569669,1.9536270851335324,-0.0008745076622132,0.0171789511321703,0.4812005131622796,0.036328395550418,8.1601392309949e-15,5.721190133390976e-14,7.105427357601002e-15,2.1900397950137242e-14,8.1601392309949e-15,5.721190133390976e-14,7.105427357601002e-15,2.1900397950137242e-14,1.5174071243479155e-16,1.0638758019203572e-15,1.3212796729015862e-16,4.0724574587364047e-16,4,0.56660115432406,0.2005490917426574,-0.9309900310514492,0.9913311576783176,0.0105361514540023,0.0037292822092535,-0.0173120931619461,0.0184341580292588
6,3,CFD,ellipse,True,2,5.0,360,0.67,0.43,0.39834712,1.2,15.0,7.17024816e-06,True,True,-1.6244251042624354,0.0888345055543681,17.783160701513,0.7504565270073106,-0.0302067667769058,0.0016519094564479,0.3306842442026534,0.0139550079766892,-0.6575096794706192,0.3553776910279965,12.1643788547416,0.5819209109464638,-0.0122266280478009,0.0066083754815351,0.2262009827888876,0.0108210278168199,2.9707563177931955,0.0294853006535944,-1.2372773996486048,0.0934056731521106,0.0552422780263195,0.0005482897289958,-0.0230076165108834,0.0017369119555849,7.423444454256407e-07,1.483014285026576e-05,-3.48075747158364e-05,4.643737687751722e-05,1.3804160913460693e-08,2.75771819316702e-07,-6.472593219300125e-07,8.63519659595105e-07,-4.359513024129152e-06,8.85394635004395e-06,-8.406303069005065e-06,4.8277827539310974e-05,-8.106670651371435e-08,1.646423043753984e-07,-1.563182171927332e-07,8.977434990071711e-07,3.791119777982836e-05,4.422204785685586e-06,6.11599380563053e-06,1.34951096857555e-06,7.049723047024612e-07,8.22324822796758e-08,1.1372909591886949e-07,2.5094639933644e-08,0.6888558280893626,0.2879516928207239,28.71022505872202,0.1099446774677891,0.0128095209113722,0.0053545648889735,0.5338769206322146,0.0020444606660641,-2.2819347837330546,0.2739567807649467,29.9475395562546,0.1841256630309307,-0.0424333948247067,0.0050943244855084,0.5568852269915411,0.0034238826685356,3.429402920112485e-05,1.325061142145571e-05,-3.709788397921094e-05,1.7516505467341804e-05,6.377097591022075e-07,2.463998665183477e-07,-6.898484432038763e-07,3.257256945918928e-07,2.9707906118223963,0.0294760045969462,-1.237314497532584,0.0934174401855189,0.0552429157360786,0.000548116865492,-0.0230083063593266,0.0017371307677867,0.6888558280893419,0.2879516928207212,28.710225058722017,0.1099446774677141,0.0128095209113718,0.0053545648889734,0.5338769206322145,0.0020444606660627,2.067790383364354e-14,4.071532610534799e-15,3.552713678800501e-15,1.0756374827627341e-13,2.067790383364354e-14,4.071532610534799e-15,3.552713678800501e-15,1.0756374827627341e-13,3.8451302980925083e-16,7.57116075516657e-17,6.606398364507934e-17,2.000186434761153e-15,4,2.9707563177931955,0.0294853006535944,-1.2372773996486048,0.0934056731521106,0.0552422780263195,0.0005482897289958,-0.0230076165108834,0.0017369119555849
6,3,CFD,rectangle,True,2,5.0,360,0.67,0.43,0.39834712,1.2,15.0,7.17024816e-06,True,True,-0.9296362718861632,0.0848653938165512,16.37299980552544,0.7393883124803878,-0.0172869195252727,0.0015781024017175,0.3044617971404668,0.0137491905622856,-1.5521002622827118,0.2003490571727414,12.369424317292522,0.7263407289249321,-0.0288618604293459,0.0037255624947619,0.2300138766241813,0.0135065660716719,3.142179193904313,0.0567589043601743,0.1654338696271741,0.1509666136981295,0.0584299478212074,0.0010554521609039,0.0030763020737099,0.0028072782667005,-2.085790273757228e-05,6.50655017819562e-05,7.002103750083722e-06,3.184374771331115e-05,-3.87860173913837e-07,1.2099163158662782e-06,1.30206627791875e-07,5.921458970035824e-07,-5.352952579711273e-07,6.793868818758586e-05,-2.0861789221125995e-05,2.5258687244405167e-05,-9.954007095734506e-09,1.2633442464207238e-06,-3.87932444467882e-07,4.6969433843426265e-07,2.842963295466884e-05,3.879422298825709e-06,1.118052847838306e-05,8.287592933955964e-07,5.286592099330044e-07,7.213924748039605e-08,2.0790593256831922e-07,1.5411075970264997e-08,0.6604496961703863,0.3135357835845233,28.90785531328813,0.1107917256564689,0.0122812987116173,0.0058303102224293,0.5375519260184738,0.0020602118305943,-2.481736534168875,0.2569597018894942,28.74242412281796,0.0403696805325271,-0.0461487799546187,0.0047782577144813,0.5344756737646481,0.0007506886722597,7.036434959125436e-06,1.2033742080669644e-05,-2.679156992659216e-06,4.457414144343781e-05,1.308450289234329e-07,2.2377174517336173e-07,-4.9819884107687886e-08,8.288721291795624e-07,3.1421862303392727,0.0567627310929342,0.1654311904701815,0.1509728983234045,0.0584300786662363,0.0010555233203706,0.0030762522538258,0.002807395131559,0.6604496961703977,0.3135357835845259,28.90785531328814,0.1107917256564427,0.0122812987116175,0.0058303102224293,0.537551926018474,0.0020602118305938,-1.1393663790215667e-14,5.175003813579943e-14,-1.1546319456101628e-14,4.1873318935465774e-14,-1.1393663790215667e-14,5.175003813579943e-14,-1.1546319456101628e-14,4.1873318935465774e-14,-2.1186926004925839e-16,9.623104989957917e-16,-2.1470794684650784e-16,7.786493670527909e-16,4,3.142179193904313,0.0567589043601743,0.1654338696271741,0.1509666136981295,0.0584299478212074,0.0010554521609039,0.0030763020737099,0.0028072782667005
6,3,PIV,ellipse,False,2,5.0,360,0.67,0.43,0.39834712,1.2,15.0,1.7072019428571428e-05,True,True,-2.1566685758796824,0.084820370632929,14.415542508728455,0.5828679044626592,-0.0401040248120632,0.0015772651794881,0.2680621774319632,0.0108386375005214,0.982951523455128,0.2032394155308988,12.196234321351785,0.4593273686643554,0.0182783357288083,0.0037793097439256,0.2267933466029769,0.0085413569779776,4.6631731770783,1.1258228861592323,-3.747722802971688,3.854283219381856,0.086713375846456,0.0209350799030872,-0.0696902481726041,0.0716717772918635,0.0011473842179548,0.0001807909335127,0.0004855154093273,2.00006945470169e-05,2.133602059234456e-05,3.3618721784518565e-06,9.02833297617805e-06,3.719200805088438e-07,0.0006991618782005,0.0001816109476205,-0.0003690396785513,0.0001507681297557,1.300116560541366e-05,3.377120634563457e-06,-6.862425034047223e-06,2.8035873866829994e-06,9.114439587173368e-05,2.7986132208862177e-05,-2.863568370796008e-06,2.928134816025832e-05,1.6948626944358305e-06,5.204121546770784e-07,-5.3249079750976775e-08,5.444971593146519e-07,3.491393815145762,0.9810030749622388,22.86416763927103,3.714521136118893,0.0649237188120931,0.0182421036310359,0.4251673885211997,0.0690728512827166,-1.1737170524245542,0.1509332926383341,26.61177683008024,0.2056414123775289,-0.0218256890832549,0.002806658649656,0.4948555240349401,0.0038239757358231,0.0019376904920271,0.0003571230677417,0.0001136121624051,0.0001358244478243,3.6032048892194055e-05,6.64083138682323e-06,2.112658862379852e-06,2.525704267477255e-06,4.665110867570327,1.1260827641438134,-3.747609190809283,3.854387154102189,0.0867494078953482,0.0209399124273138,-0.0696881355137417,0.0716737099952235,3.491393815145773,0.9810030749622302,22.86416763927096,3.7145211361188912,0.0649237188120933,0.0182421036310358,0.4251673885211984,0.0690728512827165,-1.121325254871408e-14,1.7387193773687594e-14,6.927791673660978e-14,5.2254287351422144e-14,-1.121325254871408e-14,1.7387193773687594e-14,6.927791673660978e-14,5.2254287351422144e-14,-2.085144483797816e-16,3.233210973214553e-16,1.288247681079047e-15,9.71687193811567e-16,4,4.6631731770783,1.1258228861592323,-3.747722802971688,3.854283219381856,0.086713375846456,0.0209350799030872,-0.0696902481726041,0.0716717772918635
6,3,PIV,rectangle,False,2,5.0,360,0.67,0.43,0.39834712,1.2,15.0,1.7072019428571428e-05,True,True,-1.624193572889551,0.2449293019964132,14.026885202900424,0.6084558302276146,-0.030202461368079,0.0045545481184835,0.2608349555905361,0.0113144541471976,1.4162200589164344,0.4359070561361021,12.796784435897033,0.6909985921820946,0.0263351193675921,0.0081058478760025,0.2379607911347758,0.0128493663773387,0.2494528154345923,0.708589113406129,-6.232889506408295,1.735218785147004,0.004638664471451,0.0131764684214431,-0.1159028133536416,0.0322670149656671,0.0001429906356861,0.0001832146714297,-6.710555615051529e-05,1.1357540882282512e-05,2.658962098110008e-06,3.406942453341901e-06,-1.2478518577152527e-06,2.111975416349239e-07,-5.974496423446119e-05,0.0001816646868259,-0.000183262175832,0.0001141848428815,-1.1109790140459366e-06,3.3781199343398224e-06,-3.4078258147221507e-06,2.1233080610059622e-06,5.145868701652526e-05,2.044591732893756e-05,6.78355024207984e-06,2.2241845384222846e-05,9.56892720554045e-07,3.80199157643242e-07,1.261425470120194e-07,4.135950832367072e-07,0.041614005819922,0.5810656904221332,20.590536548207435,1.6358370558690487,0.0007738273467682,0.0108051246847804,0.3828884038365451,0.0304189761054527,-0.2079735139731161,0.192664051303948,26.82366963879746,0.1754269434359578,-0.0038673420004869,0.0035826570574176,0.498795746725312,0.003262126861282,0.0001347043584681,0.0002418982777582,-0.0002435841817405,0.0001047440604177,2.504875804618116e-06,4.49818513688596e-06,-4.529535125425384e-06,1.9477533288558543e-06,0.2495875197930605,0.708742815249992,-6.233133090590036,1.7352149627857678,0.0046411693472556,0.0131793265622946,-0.1159073428887671,0.0322669438874905,0.0416140058199444,0.5810656904220602,20.59053654820742,1.6358370558690831,0.0007738273467686,0.0108051246847791,0.3828884038365449,0.0304189761054533,-2.2412627309620348e-14,7.485585435370247e-14,1.3322676295501878e-14,4.925988372357199e-14,-2.2412627309620348e-14,7.485585435370247e-14,1.3322676295501878e-14,4.925988372357199e-14,-4.1677083432344973e-16,1.391971429409169e-15,2.477399386690474e-16,9.160051855829025e-16,4,0.2494528154345923,0.708589113406129,-6.232889506408295,1.735218785147004,0.004638664471451,0.0131764684214431,-0.1159028133536416,0.0322670149656671
6,4,CFD,ellipse,True,2,5.0,360,0.65,0.42,0.39834712,1.2,15.0,7.17024816e-06,True,True,-0.8950197639400908,0.0616839322935635,17.329044532205042,0.7180044362830706,-0.0166432131583776,0.0011470348197555,0.3222397913436614,0.0133515497234537,-2.123567468058793,0.1974694622708175,12.231848238416353,0.5890034504548683,-0.0394884978534,0.003672015395923,0.2274556001497601,0.0109527301763545,2.350186797275499,0.1046034569764869,-0.747598354779076,0.2426164780918577,0.0437025654683523,0.0019451387574938,-0.0139018592401424,0.0045115403293909,1.8538886091271115e-06,3.583465307658398e-05,-2.9941679674473065e-05,2.7689527397100705e-05,3.4473722856980574e-08,6.663582120070626e-07,-5.567762603904645e-07,5.148966819413532e-07,-4.361403300537974e-06,4.260779711296887e-05,-1.3565006860958489e-05,3.81485292234845e-05,-8.11018568807429e-08,7.923072518960788e-07,-2.5224616235055544e-07,7.093855679231145e-07,3.455879382367571e-05,3.78278765603431e-06,5.789360029619385e-06,2.3263896478808746e-06,6.426331521125616e-07,7.034229167756466e-08,1.076552238348077e-07,4.3260048949842286e-08,-0.6683683834442571,0.2882968908064014,28.813256698515826,0.1117690617793651,-0.0124285495384073,0.0053609839691871,0.5357928308860805,0.0020783857459379,-3.018587231998884,0.1871608044696815,29.5608927706214,0.143670886638998,-0.0561317110117777,0.0034803222109527,0.5496953914934216,0.0026716116082839,3.2051279132264844e-05,8.56276919056298e-06,-3.7717326505812165e-05,4.028830700469901e-05,5.960050180887992e-07,1.5922776077832857e-07,-7.013671989062123e-07,7.49175502357118e-07,2.350218848554631,0.1046060932576401,-0.7476360721055818,0.2426533623225305,0.0437031614733704,0.0019451877800863,-0.0139025606073413,0.0045122262048743,-0.6683683834442531,0.2882968908063864,28.81325669851581,0.1117690617794679,-0.0124285495384072,0.0053609839691868,0.5357928308860803,0.0020783857459398,-4.038436252074007e-15,2.0414592225542582e-14,1.1546319456101628e-14,1.1582700229850842e-13,-4.038436252074007e-15,2.0414592225542582e-14,1.1546319456101628e-14,1.1582700229850842e-13,-7.509616890905502e-17,3.7961665612314654e-16,2.1470794684650784e-16,2.1538446036807448e-15,4,2.350186797275499,0.1046034569764869,-0.747598354779076,0.2426164780918577,0.0437025654683523,0.0019451387574938,-0.0139018592401424,0.0045115403293909
6,4,CFD,rectangle,True,2,5.0,360,0.65,0.42,0.39834712,1.2,15.0,7.17024816e-06,True,True,-0.1081722382187941,0.1717928322869518,16.204649080845222,0.7245605757258885,-0.0020115015232386,0.0031945492625172,0.301331255102059,0.0134734634851817,-3.0455726325343946,0.0548036497388868,12.450092989454056,0.7268536544888111,-0.0566335142024688,0.0010190935007357,0.231513939483215,0.0135161041062919,2.4668852886943204,0.1306553859216422,0.1831983577004582,0.1081320639201197,0.0458726157244432,0.0024295837095386,0.0034066390937011,0.002010754467762,-2.718541004650573e-05,4.327062091817354e-05,-1.0906209831902166e-05,5.053940754401663e-05,-5.055224392030104e-07,8.046326980157321e-07,-2.028048790601815e-07,9.397983894236028e-07,2.08239141172396e-05,3.373802008923383e-05,9.580813317985129e-06,5.486150458998832e-05,3.872281433420588e-07,6.273705704719306e-07,1.781586560501068e-07,1.020169332418909e-06,2.0582642865073167e-05,2.270249547009695e-06,9.380143926907642e-06,1.360684690547046e-06,3.82741617970689e-07,4.22161036615074e-08,1.7442713683162385e-07,2.530241929677825e-08,-0.6868453609118825,0.2963182448592574,28.837948482747155,0.0681367252914612,-0.0127721355539412,0.0055101439215135,0.5362519834598891,0.0012670268173155,-3.1537448707531888,0.1658347236524035,28.65474207029928,0.0415903320628341,-0.0586450157257074,0.0030837560979182,0.5328451945852741,0.0007733871247739,1.4221146935807032e-05,1.0251081255296397e-05,8.054747412990605e-06,4.103845215166472e-05,2.6444732210973734e-07,1.9062252847320137e-07,1.497809138215491e-07,7.631247201103794e-07,2.466899509841256,0.1306461290081631,0.1832064124478712,0.1080921211579654,0.0458728801717653,0.0024294115739161,0.0034067888746149,0.0020100117177899,-0.6868453609119325,0.2963182448593101,28.837948482747148,0.0681367252914345,-0.0127721355539421,0.0055101439215145,0.5362519834598891,0.0012670268173152,5.0029425047171117e-14,6.145699320647903e-14,5.3290705182007506e-15,4.5911178799400736e-14,5.0029425047171117e-14,6.145699320647903e-14,5.3290705182007506e-15,4.5911178799400736e-14,9.30315082189496e-16,1.1428148061285328e-15,9.909597546761899e-17,8.537348178179045e-16,4,2.4668852886943204,0.1306553859216422,0.1831983577004582,0.1081320639201197,0.0458726157244432,0.0024295837095386,0.0034066390937011,0.002010754467762
6,4,PIV,ellipse,False,2,5.0,360,0.65,0.42,0.39834712,1.2,15.0,1.7072019428571428e-05,True,True,-2.410469708612818,0.1253913436354763,13.931914990090712,0.562358673468036,-0.0448235478014997,0.0023316969573426,0.2590689504595094,0.0104572610025822,0.519062827166342,0.2237538692898327,10.849910867182189,0.4069213236513929,0.0096521592295227,0.0041607833610384,0.2017579796416639,0.0075668477960813,8.183057439972634,2.8554870924098394,2.129593970237515,4.61140394810185,0.1521668847413622,0.053098805484204,0.0396005628204554,0.0857507084869031,0.0006433150123156,7.531920862478084e-05,-7.462326827340186e-05,0.0002612531257511,1.196267312670162e-05,1.4005876680802046e-06,-1.3876464079201757e-06,4.858095469342829e-06,0.0005646268167517,0.00039157380202,0.0002066677408318,0.0001729002080741,1.0499437939523435e-05,7.28145513297548e-06,3.843060681120638e-06,3.215141312007166e-06,8.751848818109945e-05,4.005615639241096e-05,-1.204160700984106e-06,1.6765337049159917e-05,1.6274376419183696e-06,7.448585785518281e-07,-2.2391799634897743e-08,3.117574487437715e-07,6.292946018843423,2.793899308033534,26.911550667822247,4.422119735681912,0.1170195857180936,0.0519535585694156,0.5004299259441018,0.0822309007443876,-1.891406881446476,0.1166443660106599,24.7818258572729,0.3210314002890854,-0.035171388571977,0.0021690437747352,0.4608269301011733,0.0059696939004146,0.0012954603172484,0.000399506013035,0.0001308403118574,0.0001261732214517,2.4089548708143425e-05,7.428957438577091e-06,2.433022473565565e-06,2.3462362554495864e-06,8.184352900289884,2.855832053595377,2.1297248105493725,4.611511995883372,0.1521909742900704,0.0531052201610341,0.039602995842929,0.0857527176741094,6.292946018843407,2.793899308033514,26.911550667822272,4.422119735681947,0.1170195857180933,0.0519535585694152,0.5004299259441024,0.0822309007443883,1.6653345369377348e-14,4.366475775165158e-14,-2.6645352591003763e-14,8.135119598096972e-14,1.6653345369377348e-14,4.366475775165158e-14,-2.6645352591003763e-14,8.135119598096972e-14,3.096749233363093e-16,8.119618136368953e-16,-4.954798773380949e-16,1.5127546339757317e-15,4,8.183057439972634,2.8554870924098394,2.129593970237515,4.61140394810185,0.1521668847413622,0.053098805484204,0.0396005628204554,0.0857507084869031
6,4,PIV,rectangle,False,2,5.0,360,0.65,0.42,0.39834712,1.2,15.0,1.7072019428571428e-05,True,True,-1.7828917857469389,0.2484334173009375,13.594729276737084,0.587557323496794,-0.0331535114910525,0.0046197083979482,0.2527988613202491,0.0109258389274826,1.0304379643689772,0.5377008393015456,11.67591486054757,0.6059163281467222,0.0191613631099945,0.0099987397423921,0.217117819820759,0.0112672311962067,0.5789946596417105,0.3172787219203637,-5.531070134235933,2.2548590403615054,0.0107666131254553,0.0058999115017215,-0.1028522306957538,0.0419299116766135,0.0001737312113284,0.0001939505717848,-3.4511794354915486e-06,0.0001043120876622,3.2305941152332788e-06,3.606580366666068e-06,-6.417591801530334e-08,1.939720640709465e-06,4.3432018151954346e-05,0.0001903502370257,-0.0002220331676731,0.0001913986788985,8.076339373997221e-07,3.539630851972549e-06,-4.128786298021198e-06,3.5591270042101765e-06,5.745596512454532e-05,3.436133565272306e-05,-5.053785477882737e-06,2.548734932126665e-05,1.0684142555450095e-06,6.389613466827451e-07,-9.39769515198618e-08,4.739463916735002e-07,-0.1731845425416439,0.5584374995068281,19.739343464916114,1.998703876105438,-0.0032204286132944,0.0103843453679819,0.3670601635060864,0.0371666146276576,-0.7524538213779616,0.2993529212273777,25.27064413728465,0.2783517744217808,-0.013992148381058,0.0055665748157755,0.4699166811410081,0.0051760509670985,0.0002746191946049,0.0002392247302103,-0.0002305381325865,0.0001385636625033,5.106642308178011e-06,4.448469562413506e-06,-4.286939167556363e-06,2.576640945777405e-06,0.5792692788363154,0.3171122813280371,-5.53130067236852,2.2547243640837302,0.0107717197677635,0.0058968164792785,-0.1028565176349213,0.0419274073229794,-0.1731845425416462,0.5584374995068304,19.73934346491613,1.9987038761053963,-0.0032204286132944,0.0103843453679819,0.3670601635060867,0.0371666146276569,2.2724877535296173e-15,8.160079154664263e-14,-1.8651746813702643e-14,5.280492729207382e-14,2.2724877535296173e-15,8.160079154664263e-14,-1.8651746813702643e-14,5.280492729207382e-14,4.225772391360052e-17,1.517395952939005e-15,-3.4683591413666646e-16,9.819265407791005e-16,4,0.5789946596417105,0.3172787219203637,-5.531070134235933,2.2548590403615054,0.0107666131254553,0.0058999115017215,-0.1028522306957538,0.0419299116766135
6,5,CFD,ellipse,True,2,5.0,360,0.7,0.4,0.39834712,1.2,15.0,7.17024816e-06,True,True,-0.1850002392589285,0.0674200060453781,16.34946420330272,0.6127451004449856,-0.0034401457268191,0.0012536991661643,0.3040241441853196,0.0113942146635547,-5.27511165935225,0.200433247406464,10.192848101279775,0.5375111266170653,-0.098092591156143,0.0037271280423198,0.1895396621117741,0.0099952119670581,1.359545634827048,0.039347490720472,-0.8858470273944195,0.0687435330298789,0.0252812381475891,0.000731680686497,-0.0164726428361054,0.0012783106246051,-1.0658696359018852e-06,1.4912383942478847e-05,-1.95528295357495e-05,2.1033653507098994e-05,-1.9820227735825642e-08,2.773011218899263e-07,-3.635918701731424e-07,3.911283224372902e-07,3.494324581210362e-06,1.5115872837708856e-05,-5.087168493952138e-06,2.3076247703398355e-05,6.497821745703451e-08,2.81085070798235e-07,-9.459772066340196e-08,4.291110932930082e-07,2.342821857383637e-05,2.0963300561927342e-06,5.2146603479885735e-06,1.2245336003222825e-06,4.356561177251523e-07,3.898200842173241e-08,9.696847736417486e-08,2.2770640996843506e-08,-4.100540407110632,0.2698099964155825,25.65644585185036,0.0523363290726764,-0.0762510179212659,0.0050172135449136,0.477090802239874,0.0009732127890103,-5.460111898611179,0.231927494035284,26.54231230458249,0.0756745846571038,-0.1015327368829622,0.0043127748414458,0.4935638062970937,0.0014071960127175,2.585667351914485e-05,5.4514130707893096e-06,-1.9425337681713064e-05,3.857951642868086e-05,4.808141074463612e-07,1.0137097906319065e-07,-3.612211134723695e-07,7.173999294083171e-07,1.3595714915005672,0.039343984021285,-0.8858664527321011,0.0687573155493279,0.0252817189616966,0.0007316154781693,-0.0164730040572189,0.001278566915492,-4.100540407110611,0.2698099964155861,25.6564458518504,0.052336329072699,-0.0762510179212655,0.0050172135449137,0.4770908022398747,0.0009732127890107,-2.0983215165415465e-14,7.872412899894526e-15,-3.730349362740527e-14,6.849155312674903e-14,-2.0983215165415465e-14,7.872412899894526e-15,-3.730349362740527e-14,6.849155312674903e-14,-3.901904034037497e-16,1.4639033822774555e-16,-6.936718282733329e-16,1.2736249680327017e-15,4,1.359545634827048,0.039347490720472,-0.8858470273944195,0.0687435330298789,0.0252812381475891,0.000731680686497,-0.0164726428361054,0.0012783106246051
6,5,CFD,rectangle,True,2,5.0,360,0.7,0.4,0.39834712,1.2,15.0,7.17024816e-06,True,True,0.2348370536040111,0.1656229220265656,15.720162107551795,0.6414728673847419,0.004366879143999,0.0030798175708061,0.2923220462623764,0.0119284177817492,-5.76555588367736,0.0972009444609909,10.104192673932516,0.6538569217798013,-0.1072125772129921,0.0018074863852595,0.1878910826787435,0.0121587037099108,1.5040837966544165,0.0404870325973907,-0.3067056750408395,0.0940197656136728,0.0279689770487091,0.0007528708759482,-0.0057033019071191,0.0017483312249111,-4.134116624805986e-05,2.882655567962462e-05,-3.265894422366794e-05,2.903230599527357e-05,-7.68753797182567e-07,5.360401302042637e-07,-6.073047681642666e-07,5.398661310354344e-07,2.235975580669236e-05,3.56733462732803e-05,3.147518479406763e-05,2.3954010846423035e-05,4.157876697848696e-07,6.633586542101923e-07,5.852923374796673e-07,4.454334134031429e-07,1.5865004680768642e-05,1.11922628384844e-06,1.2520009863061006e-05,2.892594150972396e-06,2.950154458023416e-07,2.081241371983311e-08,2.3281406879620945e-07,5.378882453207209e-08,-4.026638149824703,0.2568837182132699,25.51766044269396,0.142603154893977,-0.0748767789709657,0.0047768447708002,0.4745100378356399,0.002651756753962,-5.530718830073349,0.257556245288075,25.82435478148431,0.0499651783110972,-0.102845698068993,0.0047893506526943,0.4802131289411199,0.0009291203911153,-3.1164057605988507e-06,3.0181309054925475e-05,1.1336250433460691e-05,9.750948893928e-06,-5.7950681595355975e-08,5.612322545690985e-07,2.108016381116103e-07,1.8132238803718058e-07,1.5040806802486557,0.0404653239204883,-0.3066943387904061,0.0940221580317563,0.0279689190980275,0.0007524671953239,-0.0057030911054809,0.0017483757127825,-4.026638149824693,0.2568837182132864,25.517660442693906,0.1426031548940283,-0.0748767789709655,0.0047768447708005,0.4745100378356389,0.0026517567539629,-1.0103029524088925e-14,2.3720004343311043e-14,5.0626169922907145e-14,5.280492729207382e-14,-1.0103029524088925e-14,2.3720004343311043e-14,5.0626169922907145e-14,5.280492729207382e-14,-1.8786945349069435e-16,4.410819786430942e-16,9.414117669423804e-16,9.819265407791005e-16,4,1.5040837966544165,0.0404870325973907,-0.3067056750408395,0.0940197656136728,0.0279689770487091,0.0007528708759482,-0.0057033019071191,0.0017483312249111
6,5,PIV,ellipse,False,2,5.0,360,0.7,0.4,0.39834712,1.2,15.0,1.7072019428571428e-05,True,True,-1.68632472422982,0.0481700964819843,15.349540484935677,0.9433422031707924,-0.0313578123862279,0.0008957402014006,0.2854302044117011,0.0175417862277687,-2.143380122791374,0.4317629302283158,9.782359678807724,0.4598233452806068,-0.0398569212661927,0.0080287863700813,0.1819064828351812,0.0085505798408443,2.3656922834272134,6.097576280490608,6.2138148832472,12.095865850417557,0.0439908955383066,0.1133866154406685,0.1155481139023264,0.2249269589281562,-0.0010882410029418,0.0011279687465538,0.0006140366478892,0.0025390734180792,-2.0236231320653256e-05,2.0974982945896684e-05,1.1418231450987377e-05,4.721497985232391e-05,0.0022156285343689,0.0006577215792727,0.000500178798467,0.0015107266908783,4.1200406363042464e-05,1.2230568400536677e-05,9.30100395050746e-06,2.809250404667177e-05,0.0001756912286509,5.046935922503883e-05,-0.0001811016470513,5.665536003450236e-05,3.267041339536229e-06,9.384958158368456e-07,-3.367650008017633e-06,1.0535267170725534e-06,-1.4627094848339044,5.979595774533894,31.34664816078994,11.535354503365005,-0.0271996068977321,0.1111927256649537,0.5829021527346029,0.2145040496220892,-3.829704847021194,0.3965244092275692,25.1319001637434,0.6473318812862514,-0.0712147336524206,0.0073735134475935,0.4673366872468823,0.0120373682442859,0.0013030787600779,0.0011054780473943,0.0009331137993049,0.0019939231370405,2.423121638192544e-05,2.055676033755544e-05,1.73515853934772e-05,3.707771507200885e-05,2.3669953621872915,6.096708796872618,6.214747997046505,12.094225562380222,0.0440151267546885,0.1133704842720091,0.1155654654877199,0.2248964571844558,-1.4627094848339024,5.979595774533916,31.346648160789904,11.535354503365,-0.0271996068977321,0.1111927256649541,0.5829021527346022,0.214504049622089,-2.1094237467877974e-15,3.36598431446358e-14,3.3750779948604765e-14,1.1047740006707029e-13,-2.1094237467877974e-15,3.36598431446358e-14,3.3750779948604765e-14,1.1047740006707029e-13,-3.9225490289265855e-17,6.259168421796213e-16,6.276078446282535e-16,2.054366833649828e-15,4,2.3656922834272134,6.097576280490608,6.2138148832472,12.095865850417557,0.0439908955383066,0.1133866154406685,0.1155481139023264,0.2249269589281562
6,5,PIV,rectangle,False,2,5.0,360,0.7,0.4,0.39834712,1.2,15.0,1.7072019428571428e-05,True,True,-1.7900599357489573,0.4926321316643438,14.9212653068068,0.80952809950079,-0.0332868058083865,0.0091606709776572,0.2774662740414235,0.0150534650300637,-0.6170051444129758,1.0501586577677955,10.464428717203209,0.5125331946961187,-0.0114734317073339,0.01952807646884,0.1945898009607747,0.0095307383744463,2.2704465811240526,5.091770432489873,-1.1139707542638482,6.294882409504428,0.0422197675814529,0.094683295359192,-0.0207146852643725,0.1170555935961622,-0.0005390216785367,0.000508114179642,0.0001772755443869,0.0010753072030891,-1.0023301221172106e-05,9.44856520636941e-06,3.2965022582416526e-06,1.9995722678756743e-05,0.0010602949490063,0.0008697957239297,0.0007328215251976,0.0013662821235434,1.971656443582825e-05,1.617416309767427e-05,1.362707880015906e-05,2.540650556867068e-05,0.0001228119149396,5.494068037965471e-05,-8.571568057756833e-05,4.308113393987698e-05,2.283731556642327e-06,1.0216416345931087e-06,-1.5939137886606206e-06,8.011091197690984e-07,-0.1359744138524738,4.848254167609446,24.272547651135145,5.649955239650316,-0.0025284929394963,0.0901550231721119,0.4513567194050951,0.1050629418224638,-2.407065080161933,0.611765464824371,25.385694024010004,0.7427266904731181,-0.0447602375157204,0.0113759979882271,0.4720560750021982,0.0138112688970608,0.0006440851854092,0.0010124232387207,0.0008243813890069,0.0006662690802322,1.1976994771298469e-05,1.882637283264814e-05,1.532966726974009e-05,1.2389512243088564e-05,2.271090666309462,5.092046020995467,-1.1131463728748414,6.294794372912508,0.0422317445762242,0.0946884200261853,-0.0206993555971028,0.1170539565241957,-0.135974413852471,4.848254167609483,24.272547651135163,5.649955239650289,-0.0025284929394962,0.0901550231721125,0.4513567194050954,0.1050629418224633,-2.886579864025407e-15,4.7078343764699296e-14,-1.6875389974302383e-14,2.6327661917728202e-14,-2.886579864025407e-15,4.7078343764699296e-14,-1.6875389974302383e-14,2.6327661917728202e-14,-5.3676986711626917e-17,8.754386684937145e-16,-3.138039223141268e-16,4.895723054533387e-16,4,2.2704465811240526,5.091770432489873,-1.1139707542638482,6.294882409504428,0.0422197675814529,0.094683295359192,-0.0207146852643725,0.1170555935961622
6,6,CFD,ellipse,True,2,5.0,360,0.6,0.4,0.39834712,1.2,15.0,7.17024816e-06,True,True,-0.0518941404428939,0.0858462024281981,11.381260848445962,0.4938687067253687,-0.000964990133022,0.0015963408892335,0.2116386229035985,0.0091836655339298,-8.478789741303293,0.251488845957357,5.9465428741703725,0.4070011548877248,-0.1576661328330426,0.0046765251884458,0.1105780951412309,0.0075683322865211,1.5543890025439209,0.05160080744979,-0.8499533454095111,0.1261373101953973,0.0289044203744624,0.0009595355009263,-0.0158051869604005,0.0023455684727727,-1.236685256469904e-05,2.621568918239081e-05,7.063828116542762e-05,4.860646170773185e-05,-2.299660539633548e-07,4.874901323246217e-07,1.3135441449942344e-06,9.038545691047482e-07,6.857479762549243e-06,3.34019514773209e-05,-9.64545158954668e-05,6.509707872087616e-05,1.2751729293098356e-07,6.211212542341706e-07,-1.7936062786696598e-06,1.2105035003581832e-06,2.3957994635719183e-05,1.917859624860684e-06,-1.6179788080899877e-05,7.2377364251253715e-06,4.455074933923288e-07,3.5663286812668865e-08,-3.008689559014255e-07,1.3458830180154457e-07,-6.976276430580411,0.3314518885420383,16.477808381184026,0.0344959881154655,-0.1297263595328693,0.0061634666127006,0.3064107501533396,0.0006414652574677,-8.530683881746187,0.3343023885634473,17.327803722616334,0.1024192057550356,-0.1586311229660645,0.0062164726818129,0.3222167180448295,0.0019045218235057,1.8448621833569385e-05,1.3446336241838884e-05,-4.199602281093908e-05,1.2219798821350258e-05,3.430587323599575e-07,2.500394396733382e-07,-7.809310895768508e-07,2.272315369226172e-07,1.5544074511657544,0.051613162120167,-0.849995341432322,0.1261263251637328,0.0289047634331948,0.0009597652404481,-0.0158059678914901,0.0023453642021734,-6.976276430580433,0.3314518885420414,16.477808381184012,0.0344959881155141,-0.1297263595328697,0.0061634666127007,0.3064107501533394,0.0006414652574686,2.26485497023532e-14,5.673923998615904e-14,1.3322676295501878e-14,7.627310287624262e-14,2.26485497023532e-14,5.673923998615904e-14,1.3322676295501878e-14,7.627310287624262e-14,4.2115789573738084e-16,1.0550864948242654e-15,2.477399386690474e-16,1.418325673426299e-15,4,1.5543890025439209,0.05160080744979,-0.8499533454095111,0.1261373101953973,0.0289044203744624,0.0009595355009263,-0.0158051869604005,0.0023455684727727
6,6,CFD,rectangle,True,2,5.0,360,0.6,0.4,0.39834712,1.2,15.0,7.17024816e-06,True,True,0.3118740115375595,0.1795827607896746,10.743739024546857,0.4938984453020495,0.005799408975873,0.0033394057738288,0.1997836761909572,0.0091842185334173,-8.53368002001825,0.3300837550623834,5.851267477540365,0.470122455327639,-0.1586868372306238,0.0061380256805018,0.1088064150077313,0.0087420954819066,1.5088265499512588,0.1444087133465434,-0.2333598634951069,0.0751707700347926,0.0280571702453928,0.002685331760243,-0.0043394102647089,0.00139782739932,-3.735874110674703e-05,5.955228999062837e-06,5.623658059080532e-05,2.435690685674558e-05,-6.946991749445396e-07,1.1073961674547937e-07,1.0457393632859576e-06,4.529254090557741e-07,4.643736725709912e-06,9.876801323021343e-06,-0.000147133516867,2.275359443253947e-05,8.635194806999843e-08,1.8366265904379978e-07,-2.7360004578899267e-06,4.2311124012830027e-07,2.002147359899984e-05,1.2322122802495102e-06,1.3388550433412276e-05,1.1115110514776376e-05,3.7230647442472603e-07,2.291342880103814e-08,2.489648918634225e-07,2.0668946209854986e-07,-6.712992152060192,0.5734637640971714,16.36156913020627,0.1448740265913954,-0.12483049405011,0.0106637641413175,0.3042492396377769,0.0026939844267332,-8.22180600848069,0.4634329869908803,16.59500650208722,0.0979789730332143,-0.1528874282547508,0.0086177024216296,0.3085900911986886,0.0018219541052949,-1.2693530782037277e-05,5.140222903228292e-06,-7.750838584286545e-05,2.9543276214400224e-05,-2.3604075244981525e-07,9.558428641105393e-08,-1.4412962027405468e-06,5.493678053192183e-07,1.5088138564204767,0.1444064942460841,-0.2334373718809498,0.075163093763277,0.0280569342046403,0.002685290495275,-0.0043408515609116,0.0013976846563011,-6.712992152060215,0.5734637640971509,16.361569130206266,0.1448740265913911,-0.1248304940501104,0.0106637641413171,0.3042492396377769,0.0026939844267331,2.3092638912203256e-14,6.174809882553653e-14,8.881784197001252e-16,3.497513846095131e-14,2.3092638912203256e-14,6.174809882553653e-14,8.881784197001252e-16,3.497513846095131e-14,4.2941589369301563e-16,1.1482280194057981e-15,1.6515995911269818e-17,6.50375229801462e-16,4,1.5088265499512588,0.1444087133465434,-0.2333598634951069,0.0751707700347926,0.0280571702453928,0.002685331760243,-0.0043394102647089,0.00139782739932
6,6,PIV,ellipse,False,2,5.0,360,0.6,0.4,0.39834712,1.2,15.0,1.7072019428571428e-05,True,True,-0.9909527399837688,,11.290011325072268,,-0.0184271212166575,,0.209941805325601,,-7.195924590407634,,5.445725340208042,,-0.1338107957555476,,0.1012652136753575,,8.13454952375573,,21.646421505898847,,0.1512648626609641,,0.402522962903957,,-0.0009565371231716,,0.0024217037182379,,-1.7787150492369913e-05,,4.50324482351524e-05,,0.0046638495440373,,-0.0023557355683203,,8.672595313237357e-05,,-4.380574685382297e-05,,0.000171222084589,,-0.0001298481791781,,3.183936004599416e-06,,-2.4145734109546155e-06,,-0.04844927213027,,38.38209429114996,,-0.0009009315725974,,0.7137287940328871,,-8.186877330391402,,16.73573666528031,,-0.1522379169722051,,0.3112070190009585,,0.0038785345054546,,-6.388002926051599e-05,,7.212273864460308e-05,,-1.1878720296251874e-06,,8.138428058261185,,21.646357625869587,,0.1513369853996087,,0.4025217750319274,,-0.0484492721302173,,38.3820942911499,,-0.0009009315725964,,0.713728794032886,,-5.27078380940793e-14,,6.394884621840903e-14,,-5.27078380940793e-14,,6.394884621840903e-14,,-9.801211323594193e-16,,1.1891517056114278e-15,,1,8.13454952375573,,21.646421505898847,,0.1512648626609641,,0.402522962903957,
6,6,PIV,rectangle,False,2,5.0,360,0.6,0.4,0.39834712,1.2,15.0,1.7072019428571428e-05,True,True,-0.8761092970363342,,10.608781180307703,,-0.0162915662514779,,0.1972740867276148,,-7.892964551072859,,5.559502417343133,,-0.1467725035441983,,0.1033809391862225,,1.5626677698979836,,-0.7991273553041116,,0.0290583670193451,,-0.0148600594655775,,-0.0001289592290593,,-0.0030603356274544,,-2.39804306502298e-06,,-5.690803738196789e-05,,0.0022581463786729,,-0.0019793775380859,,4.199104091023021e-05,,-3.68072344483712e-05,,0.0001536475913293,,-3.614565036966401e-05,,2.857132006233864e-06,,-6.721413180891266e-07,,-7.204123243470124,,15.364080383530826,,-0.1339632526464769,,0.2857005790351116,,-8.769073848109194,,16.168283597650838,,-0.1630640697956762,,0.3006550259138374,,0.0022828347409429,,-0.00507585881591,,4.245012985144109e-05,,-9.438741314842825e-05,,1.5649506046389263,,-0.8042032141200217,,0.0291008171491966,,-0.014954446878726,,-7.204123243470267,,15.364080383530816,,-0.1339632526464796,,0.2857005790351114,,1.4299672557172016e-13,,1.0658141036401504e-14,,1.4299672557172016e-13,,1.0658141036401504e-14,,2.6590753417144427e-15,,1.9819195093523798e-16,,1,1.5626677698979836,,-0.7991273553041116,,0.0290583670193451,,-0.0148600594655775,
6,7,CFD,ellipse,True,2,5.0,360,0.6,0.4,0.39834712,1.2,15.0,7.17024816e-06,True,True,-1.4940197446753625,0.1988331235032086,25.922710041879824,5.493350671701426,-0.0277818323966323,0.0036973731650817,0.4820420802447248,0.1021508237766287,-4.104706639379408,0.9106162855980062,-1.223405105591171,0.0576931267073751,-0.0763284905028895,0.0169332360661839,-0.0227496562330263,0.0010728243601427,2.0141565079569146,0.1936740970725192,-0.1979626406157084,0.2097820577422667,0.0374539618529635,0.003601439220341,-0.0036811862239313,0.0039009725197994,-0.001217134699583,0.0002786956544815,-0.0087366683226236,0.003144006537482,-2.263305578688292e-05,5.182445540007398e-06,-0.0001624614774397,5.84639279296956e-05,0.0057430414925644,0.0019946335050489,-2.041928772003172e-05,5.642711429761261e-05,0.0001067939140442,3.709092461961962e-05,-3.797039705253701e-07,1.0492824058242472e-06,-0.0012872337956083,0.0002979103485589,8.341870740092431e-07,2.0628904360376525e-06,-2.393657359102805e-05,5.539749660192165e-06,1.551200749532111e-08,3.8360186704940166e-08,-3.581331203100501,0.9299183402199312,24.49258604224969,5.753606910812613,-0.0665961367618923,0.0172921646869923,0.4554484121183647,0.106990381781758,-5.598726384054771,0.7539096278683916,24.69930493628865,5.549220422306365,-0.1041103228995219,0.0140192196243017,0.4592924240116984,0.1031897418049078,0.0032386729973731,0.0022898405015808,-0.0087562534232696,0.0031889976172182,6.022428466637874e-05,4.2580404480372416e-05,-0.0001628256694027,5.93005531758002e-05,2.017395180954288,0.1920191553454926,-0.206718894038978,0.2120468673340763,0.0375141861376299,0.003570664986031,-0.0038440118933341,0.003943087465545,-3.581331203100483,0.9299183402199396,24.49258604224968,5.753606910812629,-0.066596136761892,0.0172921646869925,0.4554484121183643,0.1069903817817583,-1.7763568394002505e-14,1.0552765725329994e-14,1.8651746813702643e-14,2.8624526666646523e-14,-1.7763568394002505e-14,1.0552765725329994e-14,1.8651746813702643e-14,2.8624526666646523e-14,-3.3031991822539663e-16,1.962324592743244e-16,3.4683591413666646e-16,5.322833283294437e-16,4,2.0141565079569146,0.1936740970725192,-0.1979626406157084,0.2097820577422667,0.0374539618529635,0.003601439220341,-0.0036811862239313,0.0039009725197994
6,7,CFD,rectangle,True,2,5.0,360,0.6,0.4,0.39834712,1.2,15.0,7.17024816e-06,True,True,-0.5949425010008998,0.0835438615752295,53.45807127137852,2.656232973368518,-0.0110631689489698,0.0015535280362407,0.9940719870682694,0.049393603756266,-4.330120242468148,0.6856097222418673,-1.7641483944573704,0.0920587523903535,-0.0805201372085313,0.0127491584101949,-0.0328049714150548,0.001711865481475,1.6437794497494165,0.2250252409966422,-0.0582667360401841,0.040110692458647,0.0305666677650836,0.0041844249734055,-0.0010834908311864,0.0007458726962414,-0.0029674734295177,0.0001496674711041,4.703728496046526e-05,4.151217123450468e-05,-5.518123154271613e-05,2.783120244737912e-06,8.746751653193412e-07,7.719336961693979e-07,0.0029379420733293,0.0001454843297166,-6.359760497167373e-05,4.734454853006636e-06,5.463208539455069e-05,2.705333231993673e-06,-1.1826202487934296e-06,8.803888414756779e-08,-0.0028321830936168,0.0001664060219896,-1.471300151101998e-07,2.23652216328323e-06,-5.2665459277807095e-05,3.094379595170924e-06,-2.7359353414661515e-09,4.158893087801172e-08,-3.284145008169369,0.8277920447636946,51.63563943343095,2.7448403529849714,-0.0610698529978422,0.0153930896354303,0.9601832141410096,0.0510412897245288,-4.925062743469048,0.6635323020174053,51.69392287692115,2.747471808473269,-0.0915833061575012,0.0123386208717106,0.9612670156532146,0.0510902225820735,-0.0028617144498052,0.0001682256620312,-1.6707450026318668e-05,4.672151782757527e-05,-5.321460542597253e-05,3.128216453645812e-06,-3.1068101881555457e-07,8.68803362357178e-07,1.640917735299611,0.2251933631059613,-0.0582834434902105,0.0401573927277939,0.0305134531596576,0.0041875512642593,-0.0010838015122052,0.0007467411044769,-3.2841450081694363,0.8277920447636806,51.63563943343094,2.744840352984966,-0.0610698529978435,0.01539308963543,0.9601832141410096,0.0510412897245286,6.794564910705958e-14,3.457627368387813e-14,1.4210854715202004e-14,3.382860061901193e-14,6.794564910705958e-14,3.457627368387813e-14,1.4210854715202004e-14,3.382860061901193e-14,1.2634736872121422e-15,6.429581963753239e-16,2.642559345803173e-16,6.290549478743458e-16,4,1.6437794497494165,0.2250252409966422,-0.0582667360401841,0.040110692458647,0.0305666677650836,0.0041844249734055,-0.0010834908311864,0.0007458726962414
16,1,CFD,ellipse,True,2,5.0,360,0.6,0.44,0.39834712,1.2,15.0,7.17024816e-06,True,True,-9.863549287059458,0.914902549845816,16.562582186296275,0.6107896479463447,-0.1834162326874417,0.01701294068546,0.3079871494302884,0.0113578523237861,-5.3212732557188245,1.1057775772748746,12.753935394321235,0.6278533926266507,-0.0989509825783366,0.0205623302029921,0.2371639978556657,0.0116751587693379,29.25883400552631,0.6348761149648253,1.5224191325948842,0.4112622756649411,0.5440785005415362,0.0118057488071621,0.0283099291893012,0.0076475693539536,0.0001154231709948,3.8615959314970806e-05,7.943003377724534e-05,8.676011241303548e-05,2.146335215912642e-06,7.180775979348309e-07,1.4770299345259174e-06,1.613335372817101e-06,0.0003122135583269,0.000109696126673,-0.0001420109995901,7.090568981646136e-05,5.805722970067761e-06,2.0398387749909525e-06,-2.640745413943296e-06,1.318516704661471e-06,0.0001815195339993,2.4424263487145905e-05,-2.903934952710465e-05,6.162511978230416e-06,3.375420765526231e-06,4.541779297291139e-07,-5.399971080332344e-07,1.1459411800386769e-07,14.074620619011323,1.1598070030319014,30.838845092897053,0.1679267434672305,0.2617226127547088,0.0215670267314132,0.573459372762668,0.0031226579558576,-15.184822542778283,0.5527169301434077,29.31651758061751,0.3490850353751299,-0.2823672152657783,0.0102779693312299,0.5451511472859542,0.0064913612952763,0.000609156263321,0.0001327769479936,-9.162031534002446e-05,3.516549722092857e-05,1.1327478951506634e-05,2.469034916334804e-06,-1.7037125874506123e-06,6.539150191407706e-07,29.25944316178964,0.6348351761067939,1.5223275122795443,0.4112479741521371,0.5440898280204876,0.0118049875344303,0.0283082254767138,0.0076473034121994,14.07462061901135,1.1598070030319194,30.838845092897053,0.1679267434671635,0.2617226127547093,0.0215670267314136,0.5734593727626679,0.0031226579558563,-2.6645352591003763e-14,2.3069853865794408e-14,1.7763568394002505e-15,1.428909509248237e-13,-2.6645352591003763e-14,2.3069853865794408e-14,1.7763568394002505e-15,1.428909509248237e-13,-4.954798773380949e-16,4.2899219759211997e-16,3.303199182253952e-17,2.657108424260799e-15,4,29.25883400552631,0.6348761149648253,1.5224191325948842,0.4112622756649411,0.5440785005415362,0.0118057488071621,0.0283099291893012,0.0076475693539536
16,1,CFD,rectangle,True,2,5.0,360,0.6,0.44,0.39834712,1.2,15.0,7.17024816e-06,True,True,-10.505654995593703,1.5793969240843306,18.695714595189607,0.8704433716430465,-0.1953564183770864,0.0293694516347921,0.3476535107852223,0.0161862063389271,-2.108211875241331,2.193588896039262,12.17014646005204,0.8749013075761705,-0.0392029551036967,0.0407905713924274,0.2263082334759255,0.0162691032546944,36.572714860646414,0.7565054570055728,0.2392928512838757,0.1744416863547233,0.6800827352981772,0.0140674899970838,0.0044497362981808,0.0032438056528803,-4.072165669159885e-05,7.58398785500687e-05,-3.921986005221845e-05,9.066129055075612e-06,-7.572337950359745e-07,1.4102697118750528e-06,-7.293073484961678e-07,1.68587917791595e-07,3.3975642707245564e-05,7.636621169281094e-05,-2.708376857471468e-05,4.920975170297388e-05,6.317892481840417e-07,1.4200570652273572e-06,-5.036323796211943e-07,9.150729626996876e-07,-8.141217093249818e-07,1.3517613756033113e-05,-1.0994802937479926e-05,2.195680409143236e-06,-1.5138884850441623e-08,2.5136487058551336e-07,-2.0445229959758093e-07,4.0829463827896964e-08,23.95884042967569,1.5675899703492449,31.105076608093924,0.1092823169796333,0.4455232212339624,0.0291498971001536,0.5784100431673005,0.0020321438354909,-12.613866870835036,0.8410718590202538,30.865861055241645,0.0673244659996479,-0.2345593734807831,0.0156400325391295,0.573961744261148,0.001251922564786,-7.5601356936782655e-06,2.2326581828431665e-05,-7.729843156441305e-05,5.3838908866102856e-05,-1.4058343170237437e-07,4.1517078777427173e-07,-1.437392027714943e-06,1.00115379858025e-06,36.57270730051072,0.7565204422442979,0.2392155528523113,0.1744420521504482,0.6800825947147455,0.0140677686529665,0.0044482989061531,0.0032438124549829,23.95884042967569,1.5675899703492862,31.10507660809396,0.1092823169795997,0.4455232212339624,0.0291498971001544,0.578410043167301,0.0020321438354903,5.329070518200751e-15,5.877209329543859e-14,-3.1974423109204515e-14,3.3327408458372294e-14,5.329070518200751e-15,5.877209329543859e-14,-3.1974423109204515e-14,3.3327408458372294e-14,9.9095975467619e-17,1.0928881303961005e-15,-5.945758528057139e-16,6.19735100091195e-16,4,36.572714860646414,0.7565054570055728,0.2392928512838757,0.1744416863547233,0.6800827352981772,0.0140674899970838,0.0044497362981808,0.0032438056528803
16,1,PIV,ellipse,False,2,5.0,360,0.6,0.44,0.39834712,1.2,15.0,1.7072019428571428e-05,True,True,-4.992158724474528,1.5711349731437214,14.79050153231984,0.5867019562901004,-0.0928309799619641,0.0292158176971422,0.2750346748076818,0.0109099330678321,-7.614658761182961,3.3778858439535164,14.639295303610815,1.0195962362964868,-0.1415973076759444,0.0628129974226446,0.2722229408140098,0.0189597572923517,22.680934979272138,12.051805458433575,-7.71759404703312,3.2845785199047084,0.4217601115639701,0.22410764015423,-0.1435114261937087,0.0610779143038699,-0.0004978559532775,0.0007307627778013,-0.0003504729089215,0.0001978426106824,-9.257809812030006e-06,1.3588795654763814e-05,-6.517169301088872e-06,3.6789542243215903e-06,0.0014152422118042,0.0005464761853598,-0.0005033530807144,0.0003368210486526,2.631693595021965e-05,1.016192044618356e-05,-9.36003086610884e-06,6.263308068501468e-06,0.0001810528883094,4.415315681967936e-05,-0.0001881843341245,5.0823778930966485e-05,3.366743321744208e-06,8.21043769279702e-07,-3.499355111572043e-06,9.450863772422344e-07,10.07521593276149,12.589877038019416,21.71116077857382,3.6648481336403886,0.1873522497955215,0.2341132739450293,0.4037268128727048,0.0681491640058827,-12.606817485657489,2.0484287669912447,29.42979683593066,0.9418871499583976,-0.2344282876379086,0.0380912667880148,0.5472576156216915,0.0175147289919999,0.0010984391468361,0.0003920627406924,-0.0010420103237605,0.0001584012011889,2.042586945993385e-05,7.290547122755168e-06,-1.9376555278769755e-05,2.945527084591365e-06,22.68203341841897,12.051776413779049,-7.71863605735688,3.284484745500142,0.42178053743343,0.2241071000584736,-0.1435308027489875,0.0610761705352216,10.075215932761482,12.589877038019424,21.711160778573777,3.66484813364045,0.1873522497955214,0.2341132739450294,0.403726812872704,0.0681491640058838,7.105427357601002e-15,4.2927602711964753e-14,4.1744385725905886e-14,8.766760431272913e-14,7.105427357601002e-15,4.2927602711964753e-14,4.1744385725905886e-14,8.766760431272913e-14,1.3212796729015862e-16,7.982541515822934e-16,7.762518078296821e-16,1.6302105098080577e-15,4,22.680934979272138,12.051805458433575,-7.71759404703312,3.2845785199047084,0.4217601115639701,0.22410764015423,-0.1435114261937087,0.0610779143038699
16,1,PIV,rectangle,False,2,5.0,360,0.6,0.44,0.39834712,1.2,15.0,1.7072019428571428e-05,True,True,-4.268403571365111,2.6362809979503368,19.51339611254629,0.8683655371974632,-0.0793724935988847,0.0490225896254119,0.3628585915413429,0.0161475682630109,-6.196847016698603,5.204931693186435,16.02122754013472,1.1963177152801026,-0.1152325903449828,0.0967875695427615,0.2979204658403291,0.0222459565059201,4.200595961912814,10.096601836220906,-1.345973442568411,1.031498434957353,0.0781115868085066,0.1877499283320184,-0.0250288583701945,0.0191810829405073,-0.0008039284426459,0.0007250903498233,-7.310156067553267e-05,0.0002158483394958,-1.4949337404726829e-05,1.3483314824320306e-05,-1.3593497099740115e-06,4.013777202300529e-06,0.0004515616555683,0.00032979545049,0.0001652876940688,6.844955213672952e-05,8.396950760829333e-06,6.132664553692828e-06,3.073583886834662e-06,1.2728439445761017e-06,-0.0001236600045006,3.217433717496808e-05,-0.0001024284655393,1.6912211515035867e-05,-2.299502085863853e-06,5.982933264793834e-07,-1.9046940125127336e-06,3.144886320556744e-07,-6.265130652942398,12.657755851098436,34.18863996778046,0.7074599886418355,-0.1165023490240891,0.2353755047923555,0.635750008551642,0.0131554719419332,-10.465250588063714,2.648300559018269,35.53462365268101,0.4066674710449026,-0.1946050839438675,0.0492460976695729,0.6607790573816721,0.0075621273159189,-0.0004760267915782,0.0005808302982696,-1.0242332146036907e-05,0.0001936003212764,-8.851888729761349e-06,1.080074748337382e-05,-1.904598356520836e-07,3.6000673329816347e-06,4.200119935121236,10.09611130775382,-1.3459836849005566,1.0313483559771188,0.0781027349197769,0.1877408067794373,-0.0250290488300302,0.0191782921681029,-6.265130652942478,12.657755851098464,34.18863996778045,0.7074599886418266,-0.1165023490240906,0.2353755047923559,0.6357500085516419,0.013155471941933,7.949196856316122e-14,3.2669998542455274e-14,8.881784197001252e-15,3.7765864436546265e-14,7.949196856316122e-14,3.2669998542455274e-14,8.881784197001252e-15,3.7765864436546265e-14,1.4781816340586501e-15,6.07510327182414e-16,1.6515995911269831e-16,7.022697791173103e-16,4,4.200595961912814,10.096601836220906,-1.345973442568411,1.031498434957353,0.0781115868085066,0.1877499283320184,-0.0250288583701945,0.0191810829405073
6,1,CFD,ellipse,True,6,5.0,360,0.6,0.37,0.39834712,1.2,15.0,7.17024816e-06,True,True,-1.0684071695296382,0.0283428019601155,20.42786552401914,0.5245039568217464,-0.0198674140827252,0.0005270445564813,0.3798634778635823,0.0097533389847927,-0.189386613989909,0.08705185207013,13.444287275967092,0.4017633888795056,-0.0035217119363952,0.0016187603762588,0.250001338418894,0.0074709341511271,2.72215704152857,0.0294757159433508,-1.3330354547817724,0.1768462241705986,0.0506194854215212,0.000548111497875,-0.0247882718521655,0.0032885188950112,1.589633969276628e-05,2.2109220673493934e-05,-5.597320375143592e-05,4.311158134974235e-05,2.955981315764536e-07,4.111288792268512e-07,-1.0408417766010471e-06,8.016753002635704e-07,-1.8478263614041815e-05,2.771211595461564e-05,-2.2953489745894015e-05,5.2767513687566345e-05,-3.436099318872449e-07,5.153167242608729e-07,-4.268283650942056e-07,9.812308213995638e-07,3.309377897930216e-05,1.941499702892161e-06,1.8251100729898505e-05,1.6453557350443415e-06,6.153906762282764e-07,3.6102882532909175e-08,3.393857566736994e-07,3.0595979354859445e-08,1.4643937698640876,0.0610809826717316,32.5390566696117,0.0849044761781153,0.0272309267812768,0.0011358227555261,0.605075416145926,0.0015788291522324,-1.2577937835195474,0.0638108366920758,33.87215279998623,0.125994705340231,-0.0233891260191204,0.0011865853690262,0.6298648162824764,0.0023429166844015,3.0511855058026624e-05,8.819577323314255e-06,-6.0675592767431424e-05,3.181943020011369e-05,5.673788759174852e-07,1.6400320001038396e-07,-1.1282843850215532e-06,5.916937041337343e-07,2.722187553383628,0.0294772486805544,-1.33309613037454,0.1768470651265657,0.0506200528003971,0.0005481399996724,-0.0247894001365505,0.0032885345328887,1.4643937698640803,0.0610809826717277,32.539056669611696,0.084904476178109,0.0272309267812767,0.001135822755526,0.6050754161459259,0.0015788291522321,7.290464528371862e-15,3.1831028185499367e-14,7.697546304067751e-15,7.487718094043589e-14,7.290464528371862e-15,3.1831028185499367e-14,7.697546304067751e-15,7.487718094043589e-14,1.3556879977167318e-16,5.91909372827051e-16,1.431386312310052e-16,1.392368004929895e-15,36,2.72215704152857,0.0294757159433508,-1.3330354547817724,0.1768462241705986,0.0506194854215212,0.000548111497875,-0.0247882718521655,0.0032885188950112
6,1,CFD,rectangle,True,6,5.0,360,0.6,0.37,0.39834712,1.2,15.0,7.17024816e-06,True,True,-0.0811219198106926,0.1240934208731625,18.537862527311358,0.5109582052450844,-0.0015084911614494,0.0023075616185862,0.344718195031274,0.009501450881352,-1.2641655680783002,0.0997799931826159,13.906767533891482,0.5096186573600553,-0.0235076116357326,0.0018554447202027,0.2586013245022096,0.0094765415085262,2.803799670685509,0.0708231593536729,0.1112878196200856,0.1429908984628989,0.0521376593598123,0.0013169820211387,0.0020694368755773,0.0026589669845383,-1.9036596331772427e-05,1.5645866197434756e-05,-3.6929116178647e-05,1.1623287997440183e-05,-3.539923288005591e-07,2.909404871966524e-07,-6.867101454899901e-07,2.161392044472872e-07,-9.296892513702916e-07,1.8367971073405185e-05,3.299070283631661e-06,3.5292104680011404e-05,-1.728790469776045e-08,3.415590025809313e-07,6.134739384216163e-08,6.562693302005401e-07,1.9174558860062143e-05,1.7677942266662548e-06,1.460286496513074e-05,5.841839741116802e-07,3.565577914402737e-07,3.2872766971127235e-08,2.715455056185157e-07,1.0863110287137429e-08,1.4585113910697864,0.1033994775013129,32.55589885364199,0.1340295866127439,0.027121541840188,0.0019227503278178,0.6053886025918149,0.0024923281802236,-1.3452874878889929,0.033843189177305,32.44463006120284,0.0114205686999194,-0.025016102797182,0.0006293262273422,0.6033195195334835,0.000212369566484,-7.917267230805717e-07,5.379393873999055e-06,-1.9027180929884603e-05,2.6397897876592857e-05,-1.4722442058045806e-08,1.0003175629742881e-07,-3.538172460293128e-07,4.908783682710151e-07,2.803798878958786,0.0708219918205926,0.1112687924391557,0.1429965821456374,0.0521376446373702,0.0013169603104428,0.0020690830583313,0.002659072674655,1.4585113910697936,0.1033994775013088,32.55589885364199,0.1340295866127486,0.0271215418401882,0.0019227503278177,0.6053886025918149,0.0024923281802238,-7.0067408665232105e-15,4.5024928428603645e-14,2.565848768022584e-15,3.881235328254018e-14,-7.0067408665232105e-15,4.5024928428603645e-14,2.565848768022584e-15,3.881235328254018e-14,-1.3029285663335087e-16,8.372546746667254e-16,4.7712877077001735e-17,7.217296141214762e-16,36,2.803799670685509,0.0708231593536729,0.1112878196200856,0.1429908984628989,0.0521376593598123,0.0013169820211387,0.0020694368755773,0.0026589669845383
6,1,PIV,ellipse,False,6,5.0,360,0.6,0.37,0.39834712,1.2,15.0,1.7072019428571428e-05,True,True,-3.451804874655188,0.1562181736617775,17.58815136476376,0.426184130792143,-0.0641875482806197,0.0029049329056374,0.3270579757221635,0.0079250465959166,6.227116442757237,0.3477031553691538,11.997031438044916,0.4216177748985918,0.1157954611668045,0.0064656647414958,0.2230890976218767,0.0078401335721429,0.5970625350858264,0.4402779109610519,0.8889156146616501,0.7031165145161107,0.011102591742298,0.0081871254873657,0.0165297043156853,0.0130747034844813,0.0002015487827512,5.89246522688052e-05,-0.0002892444343958,5.927605698574296e-05,3.747871821705071e-06,1.095725019161312e-06,-5.378603881697943e-06,1.102259515766289e-06,0.0001199597844634,4.699991635000654e-05,0.0001633006690677,8.336753643966194e-05,2.230695168640069e-06,8.739802826202611e-07,3.0366344450721056e-06,1.5502492071750356e-06,9.042729109333896e-05,3.542672074829841e-05,-5.623795673721329e-05,1.103756499424788e-05,1.6815278741731204e-06,6.587725642176081e-07,-1.0457649532214293e-06,2.0524747536302626e-07,3.3727860390461992,0.3620679032062409,30.47391623574827,0.7165089644260179,0.0627181647233475,0.006732782373811,0.5666733899253359,0.0133237408885071,2.775311568102049,0.2134793703172278,29.585182802808674,0.0312312288728504,0.0516079128861847,0.0039697253717222,0.5501470733440402,0.0005807558897255,0.000411935858308,7.430595434221977e-05,-0.0001821817220652,9.734994431290346e-05,7.66009486451826e-06,1.3817458416896184e-06,-3.387734389847266e-06,1.810257090886209e-06,0.5974744709441345,0.4402708816560436,0.888733432939585,0.7031877232923788,0.0111102518371625,0.0081869947749208,0.0165263165812954,0.0130760276371871,3.3727860390461832,0.3620679032062384,30.47391623574826,0.716508964426016,0.0627181647233472,0.0067327823738109,0.5666733899253358,0.0133237408885072,1.619692034814256e-14,3.2981294401675385e-14,1.2335811384723962e-14,7.635081324695814e-14,1.619692034814256e-14,3.2981294401675385e-14,1.2335811384723962e-14,7.635081324695814e-14,3.011875365485734e-16,6.132989852088166e-16,2.2938883210096993e-16,1.4197707256101094e-15,36,0.5970625350858264,0.4402779109610519,0.8889156146616501,0.7031165145161107,0.011102591742298,0.0081871254873657,0.0165297043156853,0.0130747034844813
6,1,PIV,rectangle,False,6,5.0,360,0.6,0.37,0.39834712,1.2,15.0,1.7072019428571428e-05,True,True,-2.6482082900661044,0.1436682360606216,15.994200947855925,0.6091870143707312,-0.0492443818953513,0.0026715623198295,0.2974178966744144,0.0113280507782914,5.471433128707315,0.2867704487289734,11.98857072815109,0.6141527528609521,0.1017432592125201,0.0053325992318974,0.2229317676902848,0.0114203904645321,-1.970552839212914,2.870064325497419,-1.0790950929532075,0.7162675439382741,-0.0366431360113095,0.0533698743558766,-0.0200661598478195,0.0133192515880468,-0.0001299208217191,0.0002027071531787,0.0001976662226775,7.801098541562594e-05,-2.4159242250292943e-06,3.769412134799556e-06,3.675674226176636e-06,1.4506422218563013e-06,5.703525026527696e-05,0.0001437173698624,-0.0005458535320236,0.0001489601463973,1.0605909120124875e-06,2.67247598047704e-06,-1.0150341984326816e-05,2.769967288410168e-06,6.883020476683384e-05,2.023069810663613e-05,-5.70705006609749e-06,2.349378141705669e-05,1.279922316604708e-06,3.76197079100558e-07,-1.061246405749224e-07,4.368752822832414e-07,0.8526679440616117,2.861501978282705,26.9033226886944,0.7377390474793779,0.0158556658948628,0.0532106544418904,0.500276923724481,0.0137185218887296,2.8232248386412118,0.2219380852419856,27.98277167600701,0.1742987564819974,0.0524988773171687,0.0041270182061497,0.5203496643646992,0.0032411478206913,-4.055366687007128e-06,0.000124885373762,-0.0003538943594122,0.0001307019112366,-7.541099641209869e-08,2.3222882662793957e-06,-6.580792398725104e-06,2.430448864438669e-06,-1.9705568945796008,2.870051204903885,-1.0794489873126194,0.7162537770125432,-0.0366432114223059,0.0533696303737393,-0.0200727406402183,0.0133189955871307,0.8526679440616105,2.861501978282714,26.903322688694395,0.7377390474793747,0.0158556658948628,0.0532106544418906,0.5002769237244808,0.0137185218887296,1.1873218457796813e-15,5.4526757842355714e-14,5.033011044967377e-15,3.751557024018575e-14,1.1873218457796813e-15,5.4526757842355714e-14,5.033011044967377e-15,3.751557024018575e-14,2.207867508971836e-17,1.0139445967210095e-15,9.359064349719572e-17,6.976154688661104e-16,36,-1.970552839212914,2.870064325497419,-1.0790950929532075,0.7162675439382741,-0.0366431360113095,0.0533698743558766,-0.0200661598478195,0.0133192515880468
6,2,CFD,ellipse,True,6,5.0,360,0.67,0.39,0.39834712,1.2,15.0,7.17024816e-06,True,True,0.147269388747021,0.0421067662870192,18.83638711599886,0.4354534290599973,0.0027385270441745,0.0007829904041892,0.350269366706714,0.0080974125180068,-3.5244582354298637,0.10241657379777,12.723094486249549,0.3764159852571536,-0.0655385635528661,0.0019044728813174,0.2365905001210734,0.0069995900998616,1.2484367122591078,0.022006697994437,-0.8471434464956191,0.0722837435771108,0.0232151279267877,0.0004092224332802,-0.0157529358834282,0.0013441421080394,1.5749132411041697e-05,9.5662154516538e-05,-2.4917679905128877e-05,3.1630974994220966e-05,2.928607594346116e-07,1.778872034958746e-06,-4.633531847918427e-07,5.881893120645905e-07,-1.5030692164441013e-05,9.287976094122271e-05,-2.004608245031145e-05,3.751194511728086e-05,-2.795011056621693e-07,1.7271324296112454e-06,-3.7276408483118126e-07,6.975480584069652e-07,2.2766974863860137e-05,1.8357898131621637e-06,1.4478478754534012e-05,1.4824252706179296e-06,4.233600540423534e-07,3.413716926197545e-08,2.6923249947012546e-07,2.7566228997722385e-08,-2.1287286490086244,0.0729719705530521,30.71230767046919,0.0293375210011025,-0.039584471862196,0.0013569399352197,0.5711063640595891,0.0005455417134146,-3.3771888466828424,0.0909143464542258,31.55948160224841,0.0599672829462916,-0.0628000365086916,0.0016905848431002,0.5868598668277875,0.0011151131101398,2.348541511046082e-05,4.4012729475698905e-06,-3.048528360090632e-05,1.319824508218744e-05,4.367197078147956e-07,8.184324725091782e-08,-5.668847701528984e-07,2.454260956789988e-07,1.2484601976742185,0.0220041323479828,-0.8471739317792202,0.0722758443991353,0.0232155646464955,0.0004091747241652,-0.0157535027681983,0.001343995219995,-2.128728649008624,0.0729719705530557,30.71230767046919,0.0293375210011037,-0.039584471862196,0.0013569399352198,0.5711063640595891,0.0005455417134145,-3.454027187722709e-16,3.054649684887919e-14,2.763221750178168e-15,4.316310985112901e-14,-3.454027187722709e-16,3.054649684887919e-14,2.763221750178168e-15,4.316310985112901e-14,-6.4228872988271485e-18,5.680230524290843e-16,5.1383098390617256e-17,8.026334912073488e-16,36,1.2484367122591078,0.022006697994437,-0.8471434464956191,0.0722837435771108,0.0232151279267877,0.0004092224332802,-0.0157529358834282,0.0013441421080394
6,2,CFD,rectangle,True,6,5.0,360,0.67,0.39,0.39834712,1.2,15.0,7.17024816e-06,True,True,0.8398538504526843,0.1229586862366091,17.95713744182153,0.4557812369460435,0.0156173832334543,0.0022864608214919,0.3339194040172343,0.0084754153882458,-4.529409194166106,0.0777907943033934,12.94189203924054,0.4623196742264501,-0.0842259866621986,0.0014465476892391,0.2406591190048953,0.0085969999719219,1.3084156686181154,0.0206869375199451,-0.4110687624372632,0.1328262922533718,0.0243304581082191,0.0003846810144424,-0.0076439709061573,0.0024699524905215,-2.395815677919979e-05,0.000101018321854,-0.0001091706555811,4.312322426562349e-05,-4.455105085084399e-07,1.8784718854883097e-06,-2.030067451782079e-06,8.018918044555469e-07,-2.5504337629573694e-05,9.529675028844856e-05,1.576166366622358e-05,6.285020766369751e-05,-4.742622953526656e-07,1.7720772124284664e-06,2.930937826141401e-07,1.1687221280906132e-06,1.6329722270196047e-05,1.8513922444208405e-06,1.4282950725011016e-05,1.4358691880626331e-06,3.0365703586649734e-07,3.442730206092502e-08,2.655965857116818e-07,2.670050196352167e-08,-2.3811728078674426,0.0717979191439832,30.487881592583623,0.1267388279478434,-0.044278761436293,0.0013351080286549,0.5669330807388889,0.002356753910878,-3.6895553437134208,0.081802201586991,30.899029481062072,0.0261200614628938,-0.0686086034287442,0.001521141244796,0.5745785230221298,0.0004857119006212,-3.313277213857744e-05,1.786148521999746e-05,-7.912604118988797e-05,4.864301646482933e-05,-6.16115767994608e-07,3.321407166842503e-07,-1.4713770834562577e-06,9.045343179090068e-07,1.3083825358459769,0.0206884371666822,-0.4111478884784531,0.1328045152040891,0.0243298419924511,0.0003847089009107,-0.0076454422832408,0.0024695475384883,-2.3811728078674443,0.0717979191439988,30.48788159258362,0.1267388279478373,-0.044278761436293,0.0013351080286552,0.5669330807388888,0.0023567539108778,1.7886926507849744e-15,5.1203586159426085e-14,6.315935428978668e-15,4.792203929298161e-14,1.7886926507849744e-15,5.1203586159426085e-14,6.315935428978668e-15,4.792203929298161e-14,3.3261380654640624e-17,9.521490287243852e-16,1.1744708203569659e-16,8.911274891027224e-16,36,1.3084156686181154,0.0206869375199451,-0.4110687624372632,0.1328262922533718,0.0243304581082191,0.0003846810144424,-0.0076439709061573,0.0024699524905215
6,2,PIV,ellipse,False,6,5.0,360,0.67,0.39,0.39834712,1.2,15.0,1.7072019428571428e-05,True,True,-1.475134655962074,0.3333228054746672,15.96261764510057,0.3984749704420596,-0.0274306574062763,0.0061982569833337,0.2968305938447104,0.0074097848321809,0.7138103712687988,0.76666979576637,12.231430775886302,0.834679993617792,0.0132735595819563,0.0142564995177957,0.2274478372844546,0.0155211735120344,-0.7667286154781053,1.9267623955167952,3.840456091559557,3.9385644595728233,-0.0142575932914081,0.0358288370225072,0.0714146568963299,0.0732390171476356,-0.0005163008183102,0.000400913245655,0.0001943358033646,0.0003513891577818,-9.600798685332832e-06,7.455125433298501e-06,3.613743885904347e-06,6.534207276899017e-06,0.0005191569440104,0.0002057386857086,0.0003389872618792,0.0004602623084258,9.653909365956643e-06,3.82578456826353e-06,6.303589579513077e-06,8.558742517792211e-06,7.009965074418054e-05,1.6601052256960236e-05,5.379941618805424e-05,1.6888081794299003e-05,1.303528119342535e-06,3.08702514176492e-07,1.0004194180833717e-06,3.140399312539089e-07,-1.527979944394937,2.128348139552949,32.03509163502786,3.864272945831261,-0.0284133344769281,0.0395773961525472,0.5957040057783786,0.0718575398340887,-0.7613242846932753,0.4338836861598567,28.194048420986874,0.7444381876489614,-0.0141570978243199,0.0080682225864059,0.5242784311291652,0.0138430948002031,7.295577644432478e-05,0.0002218840145617,0.0005871224814319,0.0004967531056101,1.3566387999663463e-06,4.1260127424791714e-06,1.0917752883500797e-05,9.237301964551869e-06,-0.766655659701661,1.9269144458356693,3.841043214040989,3.938849939375116,-0.0142562366526081,0.0358316644526599,0.0714255746492134,0.0732443257468346,-1.5279799443949365,2.128348139552952,32.03509163502786,3.8642729458312735,-0.028413334476928,0.0395773961525473,0.5957040057783787,0.0718575398340889,-6.460881212749175e-16,3.025452219524529e-14,-3.3553406966449175e-15,7.664054510103839e-14,-6.460881212749175e-16,3.025452219524529e-14,-3.3553406966449175e-15,7.664054510103839e-14,-1.2014240081288302e-17,5.625936791425324e-16,-6.239376233146379e-17,1.4251583932354605e-15,36,-0.7667286154781053,1.9267623955167952,3.840456091559557,3.9385644595728233,-0.0142575932914081,0.0358288370225072,0.0714146568963299,0.0732390171476356
6,2,PIV,rectangle,False,6,5.0,360,0.67,0.39,0.39834712,1.2,15.0,1.7072019428571428e-05,True,True,-1.2623475099563768,0.4043932200785968,15.111922929961334,0.452479073987908,-0.0234738041936217,0.0075198368044321,0.2810116208485841,0.0084140104850133,0.8753703762208309,0.9997845730297356,11.88506235179442,1.0094151957650814,0.0162778257541894,0.0185913523162213,0.2210069923492377,0.0187704371962319,-1.659880720801565,1.557775819069098,4.171492134827877,3.562606656977468,-0.030866076668706,0.0289673994411019,0.0775703907171859,0.0662479471185177,-0.0006136971638005,0.0005711221012722,-9.563730679266e-05,5.683904847670446e-05,-1.1411918622734815e-05,1.0620220082169706e-05,-1.7784099826313402e-06,1.056942469463139e-06,0.0004946169382833,0.0003730082880653,0.0001962315893159,0.0004889429237306,9.19757916781048e-06,6.936222749746499e-06,3.648996704850281e-06,9.092068834442764e-06,4.93596100100788e-05,1.607848611415852e-05,7.990735118299012e-05,1.296816590772234e-05,9.178596316082278e-07,2.9898520953763885e-07,1.4859058226884783e-06,2.4114769100213574e-07,-2.046927575152635,1.722777983756591,31.16865791821733,3.78548697439323,-0.038063351587962,0.0320356738067968,0.5795923604075527,0.0703924864695009,-0.386977133735546,0.598248058811226,26.996985281755755,0.7557836061852174,-0.0071959784394323,0.011124636980695,0.5020186131978218,0.0140540669224707,-6.972061550707085e-05,0.0002212394159239,0.0001805016337063,0.0004770984269281,-1.296479823316108e-06,4.114026199877601e-06,3.356492544907419e-06,8.871816173015152e-06,-1.659950441417072,1.5578338423988594,4.171672636461583,3.5625462058876054,-0.0308673731485293,0.0289684784057062,0.0775737472097308,0.0662468230088446,-2.046927575152618,1.722777983756583,31.16865791821733,3.785486974393233,-0.0380633515879617,0.0320356738067967,0.5795923604075527,0.070392486469501,-1.7193037117459022e-14,6.367669838504831e-14,-3.0592812234115426e-15,4.5355251170983454e-14,-1.7193037117459022e-14,6.367669838504831e-14,-3.0592812234115426e-15,4.5355251170983454e-14,-3.1971068474072676e-16,1.184091019150971e-15,-5.688843036104053e-17,8.433971444020136e-16,36,-1.659880720801565,1.557775819069098,4.171492134827877,3.562606656977468,-0.030866076668706,0.0289673994411019,0.0775703907171859,0.0662479471185177
6,3,CFD,ellipse,True,6,5.0,360,0.67,0.43,0.39834712,1.2,15.0,7.17024816e-06,True,True,-1.6387531718299255,0.0564590137426021,17.789140158366756,0.4509867180879805,-0.0304732023264668,0.001049875587432,0.3307954343450368,0.0083862595924059,-0.6254203763019119,0.2197643960558761,12.16490491081752,0.3504269320785085,-0.0116299159591321,0.0040865976769926,0.2262107649900831,0.0065163143452208,3.0096830546229363,0.0373205025032407,-1.2193594670635473,0.0615771392184692,0.05596613464348,0.000693988114413,-0.0226744261352231,0.0011450489642647,-1.9429393247139303e-05,3.0949203764101185e-05,-1.9635447264564765e-05,4.355859855488239e-05,-3.612965281644088e-07,5.755115317905759e-07,-3.651281764389173e-07,8.099877453405998e-07,1.5268196106859945e-05,2.9993330768493547e-05,2.096188478882144e-06,3.5035980653149884e-05,2.839175765591158e-07,5.577367309881884e-07,3.897937574092078e-08,6.515066121625908e-07,3.933826534917616e-05,3.2203763693082364e-06,5.061995908139237e-06,1.2360424111512772e-06,7.315091374127309e-07,5.988405231260013e-08,9.412962741193301e-08,2.2984651457331182e-08,0.745544683559308,0.1688642738355876,28.734673124857856,0.0645128123110057,0.0138636704880668,0.0031400916689348,0.5343315411807237,0.0011996388571484,-2.2641735481318377,0.168240348489827,29.95404506918428,0.1095477942378857,-0.0421031182855989,0.0031284895536042,0.55700619933512,0.0020370804802174,3.51770682088968e-05,6.068563775756364e-06,-1.2477262877543382e-05,2.360268564935984e-05,6.541301858074379e-07,1.128471175211761e-07,-2.3201917328606346e-07,4.389003954987214e-07,3.0097182316911453,0.0373203569139328,-1.2193719443264248,0.061588378195425,0.0559667887736658,0.0006939854071277,-0.0226746581543964,0.0011452579570676,0.7455446835593076,0.1688642738355864,28.734673124857856,0.064512812310995,0.0138636704880668,0.0031400916689348,0.5343315411807236,0.0011996388571484,4.317533984653386e-16,3.230344050395091e-14,7.894919286223335e-16,7.282932375328428e-14,4.317533984653386e-16,3.230344050395091e-14,7.894919286223335e-16,7.282932375328428e-14,8.028609123533945e-18,6.006940491341081e-16,1.468088525446207e-17,1.3542873668737713e-15,36,3.0096830546229363,0.0373205025032407,-1.2193594670635473,0.0615771392184692,0.05596613464348,0.000693988114413,-0.0226744261352231,0.0011450489642647
6,3,CFD,rectangle,True,6,5.0,360,0.67,0.43,0.39834712,1.2,15.0,7.17024816e-06,True,True,-0.9216426324945932,0.0548299726646518,16.38040344639914,0.4438195997848556,-0.0171382749370019,0.0010195829849707,0.3045994704949261,0.0082529844598824,-1.5685968835312838,0.1148390694841787,12.377123740414174,0.4368103389612982,-0.0291686210115082,0.0021354736390635,0.2301570501555076,0.0081226447437452,3.149565790785124,0.0339533654013602,0.2060915662269027,0.1110331206765052,0.0585673042365128,0.0006313749937,0.0038323465079234,0.0020647006574735,-1.4893453322073042e-05,5.121263485785029e-05,9.72369391179327e-06,2.4102580596487595e-05,-2.769491002214358e-07,9.523172925133512e-07,1.808155718800723e-07,4.481961211318819e-07,5.6597344200226405e-06,5.279145080734786e-05,1.3891615947607785e-05,2.810392866105356e-05,1.0524478918495605e-07,9.816759407175638e-07,2.5831957532708854e-07,5.226026219070882e-07,2.5633982242052864e-05,3.436872873176e-06,1.0936805101564606e-05,5.98051174907703e-07,4.766730833679237e-07,6.390988236360656e-08,2.0337380906055198e-07,1.1120975853973849e-08,0.659342675022578,0.1797433802654748,28.963653305155187,0.0936351507845882,0.0122607132567747,0.0033423925505245,0.5385895096673137,0.0017411791743729,-2.490239516025877,0.1508145833847908,28.757527186813306,0.025053759554688,-0.0463068959485102,0.0028044512085579,0.5347565206504338,0.0004658836346269,1.6400263340002462e-05,9.455304473727628e-06,3.4552114960965664e-05,3.079193170742868e-05,3.04968772331444e-07,1.75824774126602e-07,6.425089562677129e-07,5.72587001552792e-07,3.1495821910484643,0.0339568539119327,0.2061261183418636,0.11104112591515,0.0585676092052851,0.0006314398638039,0.0038329890168796,0.0020648495177541,0.6593426750225869,0.1797433802654845,28.963653305155177,0.0936351507845925,0.0122607132567749,0.0033423925505247,0.5385895096673134,0.0017411791743731,-8.912623725463062e-15,5.4740154630367377e-14,1.0756827527479294e-14,3.541007091387928e-14,-8.912623725463062e-15,5.4740154630367377e-14,1.0756827527479294e-14,3.541007091387928e-14,-1.6573343119295072e-16,1.017912786445174e-15,2.000270615920457e-16,6.584629545816495e-16,36,3.149565790785124,0.0339533654013602,0.2060915662269027,0.1110331206765052,0.0585673042365128,0.0006313749937,0.0038323465079234,0.0020647006574735
6,3,PIV,ellipse,False,6,5.0,360,0.67,0.43,0.39834712,1.2,15.0,1.7072019428571428e-05,True,True,-2.099071895374167,0.0794072841202915,14.416932245683707,0.3511902316352471,-0.0390329939035967,0.0014766068965046,0.2680880200885303,0.0065305081739364,0.8702071579877703,0.1845590564805869,12.254638640415074,0.2785784954490555,0.0161818138613818,0.0034319417749987,0.2278793958397682,0.0051802669258252,4.535472755679306,0.533182456127177,-4.088703939785457,2.183152031538438,0.0843387407608554,0.0099147187885182,-0.0760309145708462,0.0405964941579453,0.0011389031411307,0.0001339373028833,0.0004697281972308,3.1550378125323216e-05,2.1178311930386865e-05,2.49061213121497e-06,8.73476411135151e-06,5.866905844129704e-07,0.0007459616350309,0.0001165231901472,-0.0003132435806259,0.0001796174735346,1.387142385005799e-05,2.1667904661423664e-06,-5.824876603730458e-06,3.3400512697577897e-06,7.80103546898896e-05,2.457492546269105e-05,8.985294861139185e-07,1.844333892637155e-05,1.450630493285272e-06,4.5697954314022084e-07,1.6708477699585756e-08,3.429604948079705e-07,3.3085708934237634,0.4521658520121023,22.583024329459437,2.1015378602252217,0.0615240610849144,0.0084081860101589,0.4199394279534379,0.0390788494034534,-1.2288647373863968,0.1190198449409106,26.671570886098785,0.1279316652281609,-0.0228511800422148,0.0022132166564773,0.4959674159282985,0.0023789351474488,0.0019628751308515,0.0002309456910339,0.000157383146091,0.0001572133218744,3.650036627373012e-05,4.29451786289669e-06,2.926595985320636e-06,2.9234380431726663e-06,4.537435630810158,0.5333412705126104,-4.088546556639366,2.1832433482901363,0.0843752411271291,0.0099176719989118,-0.0760279879748609,0.0405981922256581,3.308570893423761,0.4521658520121044,22.583024329459416,2.1015378602252137,0.0615240610849143,0.008408186010159,0.4199394279534376,0.0390788494034533,2.245117672019761e-15,3.725738626193896e-14,1.3717422259813044e-14,8.42531670599714e-14,2.245117672019761e-15,3.725738626193896e-14,1.3717422259813044e-14,8.42531670599714e-14,4.174876744237652e-17,6.928144452941586e-16,2.550803812962785e-16,1.566717825843867e-15,36,4.535472755679306,0.533182456127177,-4.088703939785457,2.183152031538438,0.0843387407608554,0.0099147187885182,-0.0760309145708462,0.0405964941579453
6,3,PIV,rectangle,False,6,5.0,360,0.67,0.43,0.39834712,1.2,15.0,1.7072019428571428e-05,True,True,-1.609159776518956,0.1713073323186007,14.02463706969318,0.3651478580325251,-0.0299229025385913,0.0031855212166715,0.2607931507481359,0.0067900552372239,1.4433294678706845,0.3082115858278467,12.829134516150749,0.4196103272917065,0.0268392285392566,0.0057313048577079,0.2385623524667658,0.0078028043647089,0.6816911386677349,0.5139138238449988,-6.6569322762543806,1.263686152506002,0.0126762909447704,0.0095564116680911,-0.1237880405756069,0.0234986967314113,6.576349900668084e-05,0.0001352526100274,-9.669688432889962e-05,6.091521458846888e-05,1.2228958243230612e-06,2.515070738778253e-06,-1.7981132065197515e-06,1.1327402386301578e-06,1.1099841055567644e-05,0.0001493893402261,-0.0001294742677686,8.064828443295503e-05,2.0640552103415894e-07,2.777948301418273e-06,-2.407620394339185e-06,1.4996837419167751e-06,3.975290324976552e-05,1.9525201661850095e-05,8.63992032879087e-06,1.5168829912606454e-05,7.392194777214985e-07,3.6307811996007865e-07,1.6066241383368188e-07,2.8206982657824693e-07,0.5159774462627866,0.4630486948648662,20.196621778357773,1.2047015251722373,0.0095947854662589,0.0086105563718707,0.3755634175681078,0.0224018564544305,-0.1658303086482714,0.1400863602384495,26.85377158584393,0.1098087240103524,-0.0030836739993347,0.0026049560556808,0.4993555032149018,0.0020419325628166,0.000116616243312,0.0001615767481399,-0.0002175312317687,6.181589051133125e-05,2.1685208230787185e-06,3.004577517810392e-06,-4.045071187025255e-06,1.1494886300900589e-06,0.681807754911047,0.5139588679218167,-6.6571498074861495,1.2636838486887012,0.0126784594655934,0.0095572492788369,-0.1237920856467939,0.0234986538911032,0.5159774462627754,0.4630486948648578,20.19662177835778,1.2047015251722315,0.0095947854662587,0.0086105563718705,0.3755634175681079,0.0224018564544304,1.1244863065387435e-14,6.456201124152147e-14,-5.625129991434126e-15,3.89122366404736e-14,1.1244863065387435e-14,6.456201124152147e-14,-5.625129991434126e-15,3.89122366404736e-14,2.0910225726204038e-16,1.2005537288874246e-15,-1.0460130743804226e-16,7.235869809462514e-16,36,0.6816911386677349,0.5139138238449988,-6.6569322762543806,1.263686152506002,0.0126762909447704,0.0095564116680911,-0.1237880405756069,0.0234986967314113
6,4,CFD,ellipse,True,6,5.0,360,0.65,0.42,0.39834712,1.2,15.0,7.17024816e-06,True,True,-0.8882195419260337,0.0367723671219166,17.32177721073558,0.4305438886372883,-0.0165167605937929,0.0006837953406234,0.3221046528973613,0.0080061178549648,-2.129551887429077,0.1086528159845056,12.236727888636262,0.3530618490796636,-0.039599780275556,0.0020204380389628,0.2275463389937727,0.0065653115708371,2.342729282689782,0.0599016372025522,-0.8026986552733262,0.1645853095303019,0.0435638903129173,0.0011138924040169,-0.0149264690679515,0.0030605227947052,-3.5792801253453146e-05,3.6850263749415945e-05,-1.1304190565234485e-05,1.970671497978532e-05,-6.655799623621981e-07,6.852438563189319e-07,-2.1020547337624247e-07,3.6645342513566645e-07,3.638242289549741e-05,3.967845486868854e-05,-2.8225406806487325e-05,2.65621963630389e-05,6.765441880326295e-07,7.378350834036506e-07,-5.248615515419357e-07,4.93933557487712e-07,3.093213210037538e-05,3.6795045913770033e-06,6.481922065047266e-06,1.5803567093462456e-06,5.75194078087536e-07,6.842170608828699e-08,1.2053366299941778e-07,2.938729918558813e-08,-0.6750106249115874,0.1645139470923694,28.75577339642321,0.0952728253586172,-0.0125520643981279,0.0030591957846057,0.5347239082898205,0.0017716323197869,-3.0177714293551112,0.1071102867864708,29.55850509937184,0.0862316495050525,-0.056116540869349,0.001991754155902,0.5496509918911341,0.0016035084157171,3.152175374241965e-05,7.668719045526988e-06,-3.3047675306674544e-05,2.87378166148322e-05,5.861583037579674e-07,1.4260257803084621e-07,-6.145333619187604e-07,5.343899955029767e-07,2.3427608044435244,0.059904400892751,-0.8027317029486327,0.1646084453463248,0.0435644764712211,0.0011139437958262,-0.0149270836013135,0.0030609530134928,-0.6750106249115866,0.1645139470923761,28.75577339642321,0.095272825358637,-0.0125520643981279,0.0030591957846058,0.5347239082898205,0.0017716323197872,-7.956598343146957e-16,2.957616217280589e-14,-2.763221750178168e-15,8.1917865560296e-14,-7.956598343146957e-16,2.957616217280589e-14,-2.763221750178168e-15,8.1917865560296e-14,-1.4795579670512554e-17,5.499793314974265e-16,-5.1383098390617256e-17,1.523292057817164e-15,36,2.342729282689782,0.0599016372025522,-0.8026986552733262,0.1645853095303019,0.0435638903129173,0.0011138924040169,-0.0149264690679515,0.0030605227947052
6,4,CFD,rectangle,True,6,5.0,360,0.65,0.42,0.39834712,1.2,15.0,7.17024816e-06,True,True,-0.1047038607999086,0.1025213855549083,16.204934302121288,0.4348902635197159,-0.0019470058025608,0.001906421893491,0.3013365588938703,0.0080869402530267,-3.050901332665062,0.0339134723190959,12.453206028126257,0.4365382185442869,-0.0567326032904475,0.0006306331675433,0.2315718275525954,0.0081175845671016,2.48901915276478,0.0870097059288658,0.2116102971722111,0.0720460435890739,0.0462842028564653,0.0016179766536628,0.0039349692869804,0.0013397219916039,-4.371639183772449e-05,4.213752910649969e-05,-8.561875183802784e-06,3.424255406539187e-05,-8.129219679657408e-07,7.835624498385502e-07,-1.5921113640233776e-07,6.36752560511878e-07,2.45422988960948e-05,3.800165337830471e-05,-5.393213270285726e-06,3.390607027963204e-05,4.5637284044563773e-07,7.066543589625626e-07,-1.002887329222875e-07,6.304955239676955e-07,2.029028505339764e-05,1.5882470465708302e-06,8.990633740482583e-06,9.917873363709477e-07,3.7730511972308345e-07,2.953402283305505e-08,1.671840553699438e-07,1.8442640835477932e-08,-0.6665849245080653,0.185150795175525,28.86974566296504,0.0506547461279958,-0.0123953854805506,0.0034429453680261,0.5368432634176321,0.0009419431517136,-3.1556051934649703,0.100267641160342,28.658140330247548,0.0262660970165793,-0.0586796090930084,0.0018645127090523,0.5329083864464657,0.0004884274840603,1.1161921117679549e-06,1.2721137090037013e-05,-4.964454713605927e-06,2.6639639342059336e-05,2.075599220298032e-08,2.3655410163724865e-07,-9.231581395468145e-08,4.953736374271567e-07,2.4890202689568914,0.0870025613958918,0.2116053327174975,0.0720216748446121,0.0462842236124575,0.0016178437985125,0.0039348769711665,0.0013392688460704,-0.6665849245080788,0.1851507951755228,28.869745662965045,0.0506547461279954,-0.0123953854805508,0.0034429453680261,0.5368432634176322,0.0009419431517136,1.3527759159772915e-14,6.227157404180915e-14,-3.848773152033876e-15,3.1057592262412107e-14,1.3527759159772915e-14,6.227157404180915e-14,-3.848773152033876e-15,3.1057592262412107e-14,2.515535280027261e-16,1.1579622285915257e-15,-7.156931561550258e-17,5.775270547477047e-16,36,2.48901915276478,0.0870097059288658,0.2116102971722111,0.0720460435890739,0.0462842028564653,0.0016179766536628,0.0039349692869804,0.0013397219916039
6,4,PIV,ellipse,False,6,5.0,360,0.65,0.42,0.39834712,1.2,15.0,1.7072019428571428e-05,True,True,-2.318346292044557,0.1029983252399119,13.924938930634944,0.3381039990217364,-0.0431104798664701,0.001915290757801,0.2589392281347009,0.0062871649902418,0.3304828302122652,0.1859534486814644,10.897747987078352,0.2468921901474141,0.0061454466258857,0.003457870997526,0.2026475280241598,0.0045910487268716,7.3788672262129404,1.6995568926689226,1.775866964742829,2.758421917044797,0.1372126796089939,0.031603869298882,0.0330228824277834,0.051293843773924,0.0006919504868877,8.324004898125866e-05,-0.000155482349689,0.0001601620254569,1.286706720041497e-05,1.547878532212636e-06,-2.891249995250203e-06,2.978270242684798e-06,0.0004520344313026,0.0002368990191554,0.0002872018712173,0.0001226666717572,8.405742194984733e-06,4.405222132143532e-06,5.3406216876295206e-06,2.2810307076323804e-06,8.593212375679114e-05,2.618421721811908e-05,3.6452074958605177e-06,1.0925910131494632e-05,1.5979386271207505e-06,4.869048998739082e-07,6.77839393099521e-08,2.0317121318889165e-07,5.392233681422599,1.6940494847774272,26.598689247185145,2.649184464513911,0.1002705171164322,0.0315014570760672,0.4946121557422757,0.0492625342089305,-1.987863461832292,0.0889498647959288,24.82268691771329,0.1944517670485774,-0.0369650332405843,0.0016540546028731,0.4615867561588607,0.0036159002721522,0.0012299170419472,0.0002569209449239,0.0001353647290241,8.089266241417182e-05,2.2870748022520454e-05,4.777537014822309e-06,2.5171556316892696e-06,1.5042280380278464e-06,7.380097143254888,1.6997752920162783,1.7760023294718528,2.7584576948403896,0.1372355503570165,0.0316079305129894,0.0330253995834151,0.0512945090748507,5.392233681422596,1.69404948477743,26.59868924718515,2.649184464513921,0.1002705171164321,0.0315014570760673,0.4946121557422758,0.0492625342089308,3.935123831726944e-15,3.231103190201024e-14,-3.0592812234115426e-15,6.960911652406019e-14,3.935123831726944e-15,3.231103190201024e-14,-3.0592812234115426e-15,6.960911652406019e-14,7.317503744020939e-17,6.008352139006996e-16,-5.688843036104053e-17,1.2944064597816318e-15,36,7.3788672262129404,1.6995568926689226,1.775866964742829,2.758421917044797,0.1372126796089939,0.031603869298882,0.0330228824277834,0.051293843773924
6,4,PIV,rectangle,False,6,5.0,360,0.65,0.42,0.39834712,1.2,15.0,1.7072019428571428e-05,True,True,-1.6991621465420623,0.1631880566507658,13.590525584627972,0.3521270450090173,-0.0315965288532321,0.0030345403768334,0.2527206921594742,0.0065479285542425,0.9125844944533006,0.3450355543997998,11.714547800313005,0.367151608351885,0.0169698356149745,0.0064160597457815,0.2178362131762536,0.0068273156922718,0.4829338507168489,0.1972752699398345,-5.625589291632938,1.2815508347026787,0.0089803279689527,0.0036684043199574,-0.104609848289787,0.0238308968970222,0.0001867409061214,0.0001565432054642,-9.31582255875879e-05,9.078807115327765e-05,3.4725140507360595e-06,2.91097698844969e-06,-1.7323105794725686e-06,1.6882367086399907e-06,-1.728605247451756e-05,0.0001412892939196,-4.9249929503854056e-05,0.0001578986337758,-3.214403386287179e-07,2.6273250384442038e-06,-9.158200833010696e-07,2.9361816634965794e-06,5.169561852268934e-05,2.3136394576715997e-05,5.67322473960543e-07,1.554217118925549e-05,9.612985467937527e-07,4.302295459504431e-07,1.0549564651061173e-08,2.890122413700019e-07,-0.3034226508997436,0.3323201447050709,19.679342252475426,1.135056193548866,-0.005642252897046,0.0061796121471119,0.3659444194648426,0.0211067765619029,-0.7865776520887616,0.1891777578877129,25.30507338494097,0.166043709455924,-0.0146266932382576,0.0035178281823505,0.4705569053357278,0.0030876422638055,0.0002211504721696,0.0001520719260386,-0.0001418408326174,0.0001064360576457,4.112372258901095e-06,2.827831945659971e-06,-2.637581098122577e-06,1.979216623482469e-06,0.4831550011890185,0.1971831873444578,-5.625731132465555,1.2814688586363854,0.0089844403412116,0.0036666920111071,-0.1046124858708852,0.023829372522701,-0.3034226508997431,0.3323201447050697,19.679342252475426,1.1350561935488643,-0.005642252897046,0.0061796121471118,0.3659444194648426,0.0211067765619028,-5.390171333965712e-16,5.320596136107191e-14,2.3684757858670005e-15,3.6823079741649633e-14,-5.390171333965712e-16,5.320596136107191e-14,2.3684757858670005e-15,3.6823079741649633e-14,-1.0023216702661879e-17,9.893839129657478e-16,4.4042655763386213e-17,6.847383599556317e-16,36,0.4829338507168489,0.1972752699398345,-5.625589291632938,1.2815508347026787,0.0089803279689527,0.0036684043199574,-0.104609848289787,0.0238308968970222
6,5,CFD,ellipse,True,6,5.0,360,0.7,0.4,0.39834712,1.2,15.0,7.17024816e-06,True,True,-0.1932582966297599,0.0393981606509684,16.347108080366212,0.3673939572558591,-0.0035937072621441,0.0007326229120075,0.3039803312352155,0.0068318222569646,-5.257173770241697,0.1273798444762827,10.18937589195671,0.3226993870712121,-0.0977590296817415,0.0023686738428735,0.1894750951354652,0.0060007107121977,1.3308512985836114,0.0324780106768947,-0.8372369808817341,0.052368627378891,0.0247476566851694,0.0006039402440411,-0.0155687216062683,0.0009738133875855,-5.9108446003220735e-06,9.251374032742089e-06,-5.640114169869323e-05,2.6319329316713964e-05,-1.0991427294983284e-07,1.7203261451678197e-07,-1.048799436042452e-06,4.894173577522587e-07,-1.6525963152077356e-06,1.5840860126814154e-05,1.4653681635891074e-05,3.23232547156469e-05,-3.0730620536992886e-08,2.945664691715804e-07,2.724904598167785e-07,6.01062501499193e-07,2.432657145452878e-05,2.135204043589336e-06,5.943825279070591e-06,1.2053493209237965e-06,4.523613113836548e-07,3.9704884144285776e-08,1.105275604867506e-07,2.2413902448508793e-08,-4.119564005157312,0.1623983103840127,25.69921118780639,0.0457181362795448,-0.0766047685422984,0.0030198547620702,0.4778860389829965,0.0008501451230021,-5.450432066871457,0.1429988457598071,26.536483972322923,0.0452286302432014,-0.1013527369438857,0.0026591147673714,0.4934554263706807,0.0008410425828869,1.6763130538998975e-05,1.0154955518122778e-05,-3.580363478373156e-05,3.41006767284437e-05,3.117164178968292e-07,1.8883503595265208e-07,-6.65781415738923e-07,6.341143006026485e-07,1.3308680617141504,0.0324755387473837,-0.8372727845165179,0.0523704366787645,0.0247479684015873,0.0006038942776263,-0.015569387387684,0.0009738470321649,-4.119564005157306,0.1623983103840129,25.6992111878064,0.0457181362795485,-0.0766047685422983,0.0030198547620702,0.4778860389829967,0.0008501451230022,-5.119361724660445e-15,1.9422635327818375e-14,-1.0954200509634878e-14,7.346659945686987e-14,-5.119361724660445e-15,1.9422635327818375e-14,-1.0954200509634878e-14,7.346659945686987e-14,-9.519636532190252e-17,3.6117086223355804e-16,-2.0369728290566123e-16,1.3661377368910082e-15,36,1.3308512985836114,0.0324780106768947,-0.8372369808817341,0.052368627378891,0.0247476566851694,0.0006039402440411,-0.0155687216062683,0.0009738133875855
6,5,CFD,rectangle,True,6,5.0,360,0.7,0.4,0.39834712,1.2,15.0,7.17024816e-06,True,True,0.2270900577255332,0.0969515549297243,15.723582936177811,0.3856315617896019,0.0042228209802161,0.0018028488975798,0.2923856577962161,0.0071709570470357,-5.7560289212014,0.0663078903340171,10.100817434959389,0.3930096265192792,-0.1070354199326419,0.0012330189760873,0.1878283189008321,0.0073081548039341,1.4550206587825536,0.0381605934492011,-0.3407592858490922,0.0692914979726783,0.0270566304227245,0.0007096099065224,-0.006336541000074,0.0012885002290293,-6.502444104924543e-05,3.902818515054507e-05,-3.759449133181647e-05,3.0251422797314055e-05,-1.209152776831189e-06,7.257430850305016e-07,-6.990830348390891e-07,5.625360447276171e-07,4.262516436728963e-05,3.892563566130157e-05,4.825984673456653e-05,1.9963528386651665e-05,7.926302022121296e-07,7.238361405388525e-07,8.974091395011825e-07,3.712289624417809e-07,1.7776144745666496e-05,2.134552801459007e-06,1.3112224802060492e-05,1.7932362518881978e-06,3.305537799901661e-07,3.969277406355964e-08,2.438265177525923e-07,3.3345870544936103e-08,-4.073922827825247,0.1660907540437828,25.48366486286832,0.0978899305248374,-0.0757560544984958,0.0030885170747708,0.4738778778495967,0.0018202983279514,-5.528938863475867,0.1576021600823421,25.8244003711372,0.0312975419652754,-0.1028125989524257,0.0029306686289519,0.4802139766970483,0.0005819890054362,-4.6231319362893e-06,2.231891980708365e-05,2.377758020481056e-05,2.201211603762062e-05,-8.596879462889331e-08,4.150283097423257e-07,4.4215262241468563e-07,4.0932318373428267e-07,1.4550160356506174,0.0381604620721043,-0.3407355082688874,0.0692912280173552,0.0270565444539298,0.0007096074635182,-0.0063360988474516,0.0012884952091133,-4.073922827825249,0.1660907540437866,25.48366486286831,0.0978899305248426,-0.0757560544984959,0.0030885170747709,0.4738778778495965,0.0018202983279515,2.0107372557100057e-15,5.6043232445110505e-14,6.809367884367627e-15,4.3779178330856904e-14,2.0107372557100057e-15,5.6043232445110505e-14,6.809367884367627e-15,4.3779178330856904e-14,3.7390379632458076e-17,1.0421439852482591e-15,1.266226353197354e-16,8.14089505299296e-16,36,1.4550206587825536,0.0381605934492011,-0.3407592858490922,0.0692914979726783,0.0270566304227245,0.0007096099065224,-0.006336541000074,0.0012885002290293
6,5,PIV,ellipse,False,6,5.0,360,0.7,0.4,0.39834712,1.2,15.0,1.7072019428571428e-05,True,True,-1.670996040632384,0.0374655742517266,15.143691159110752,0.532073745957748,-0.0310727700231114,0.0006966857755492,0.281602362450837,0.0098941019257135,-2.230014597372259,0.286186215003483,9.81188011591803,0.2718365455341045,-0.0414679203585102,0.0053217351964655,0.1824554259391775,0.0050548979517998,1.3306084415675783,5.604516659752441,5.464163382133237,8.876036115279739,0.0247431406719509,0.1042179951505321,0.1016080756705309,0.165053071473791,-0.0004263352759836,0.0010354133878749,0.0009146262704289,0.0019918883406462,-7.927857194901393e-06,1.9253882892573853e-05,1.7007803170723236e-05,3.703987730407488e-05,0.0022496457635318,0.0005669156522075,-0.0001501622953527,0.0013265824681728,4.183296892626896e-05,1.054199965481778e-05,-2.7923216789142937e-06,2.466827625433912e-05,0.0001627856018868,2.7471750896600943e-05,-0.0001791391878072,2.816303032171497e-05,3.0270565863159976e-06,5.108470498944061e-07,-3.3311573753075035e-06,5.237016384607242e-07,-2.568416100347636,5.514573631933387,30.4203199819493,8.702029455804324,-0.0477606175413531,0.1025454723254355,0.5656767483846622,0.1618173553015831,-3.901010638004643,0.2605528645945982,24.955571275028785,0.3642635484727298,-0.0725406903816216,0.0048450738622617,0.4640577883900146,0.0067736111841486,0.0019860960894351,0.0011701226824236,0.0005853247872689,0.0012546356816322,3.693216831768357e-05,2.175885048537746e-05,1.088432411650144e-05,2.33303999831113e-05,1.3325945376570136,5.603518371478952,5.464748706920506,8.875029926146327,0.0247800728402685,0.1041994316224419,0.1016189599946474,0.16503436102638,-2.568416100347629,5.514573631933383,30.420319981949287,8.702029455804324,-0.047760617541353,0.1025454723254354,0.565676748384662,0.1618173553015831,-6.550315845288424e-15,3.679466417268764e-14,1.3618735768735254e-14,7.240417029567242e-14,-6.550315845288424e-15,3.679466417268764e-14,1.3618735768735254e-14,7.240417029567242e-14,-1.2180546984561502e-16,6.84209962270681e-16,2.5324527063947075e-16,1.346381486014889e-15,36,1.3306084415675783,5.604516659752441,5.464163382133237,8.876036115279739,0.0247431406719509,0.1042179951505321,0.1016080756705309,0.165053071473791
6,5,PIV,rectangle,False,6,5.0,360,0.7,0.4,0.39834712,1.2,15.0,1.7072019428571428e-05,True,True,-1.8542816781362828,0.3428811537644384,14.75021322040516,0.4802788138144762,-0.0344810321160261,0.0063759978941358,0.2742854992140218,0.0089309566065651,-0.5135745081266531,0.7009511749438946,10.3493751067291,0.3376019923814369,-0.0095501019707459,0.0130344382193859,0.1924503378551424,0.0062778299969176,1.5552008553988088,2.9908728679582057,-2.503795694410576,3.809373492876656,0.0289195170691518,0.0556163524835511,-0.0465589779421818,0.0708366648382344,-0.0005408504037714,0.0003550420294362,0.0004233024695458,0.0010899894978518,-1.0057307022066611e-05,6.602133733983501e-06,7.871461072663293e-06,2.026874520991714e-05,0.0013471531817412,0.0006474526968431,-0.0001948759702015,0.0012920128940243,2.505079604276482e-05,1.2039614852849916e-05,-3.623788481755513e-06,2.4025442638223564e-05,0.0001113054373476,3.141221991366743e-05,-9.84945938865982e-05,2.813940156653255e-05,2.0697644835338583e-06,5.841214829709591e-07,-1.831542259788829e-06,5.23262253292919e-07,-0.8117377226488028,2.7554314328334826,22.595922564629145,3.540055612476895,-0.0150945537641159,0.05123823464865,0.4201792752573136,0.0658286023669394,-2.367856186262936,0.3982070057929122,25.09958832713426,0.4421980796184367,-0.0440311340867721,0.0074048019335295,0.4667358370691643,0.0082228317114654,0.0009176082153175,0.0006818798819023,0.0001299319054576,0.0006397538375508,1.7063253504232064e-05,1.267980069283595e-05,2.41613033111895e-06,1.189645180613254e-05,1.5561184636141263,2.990963940642822,-2.5036657625051184,3.809438650398596,0.028936580322656,0.0556180460127491,-0.0465565618118507,0.0708378764656981,-0.8117377226488096,2.755431432833466,22.59592256462914,3.540055612476904,-0.0150945537641161,0.0512382346486497,0.4201792752573135,0.0658286023669396,6.704513487597473e-15,5.0601756365994175e-14,3.0592812234115426e-15,5.5287822781142884e-14,6.704513487597473e-15,5.0601756365994175e-14,3.0592812234115426e-15,5.5287822781142884e-14,1.2467283024687715e-16,9.40957788105234e-16,5.688843036104052e-17,1.0280968719152928e-15,36,1.5552008553988088,2.9908728679582057,-2.503795694410576,3.809373492876656,0.0289195170691518,0.0556163524835511,-0.0465589779421818,0.0708366648382344
6,6,CFD,ellipse,True,6,5.0,360,0.6,0.4,0.39834712,1.2,15.0,7.17024816e-06,True,True,-0.0633726730071931,0.0530290701922808,11.385314497796656,0.2959874758745506,-0.0011784375583302,0.0009860945583094,0.2117140019655267,0.0055039931537423,-8.461199299151252,0.1510324472668948,5.936825651091215,0.2442097152398492,-0.1573390322593103,0.0028085024654971,0.110397399896802,0.0045411671449476,1.5308442087279082,0.0319666782669456,-0.8330512874304767,0.0811130770642564,0.028466596498345,0.0005944318346892,-0.0154908871369844,0.0015083267274114,-2.1065503203492152e-05,1.5160936271863172e-05,6.796441777662605e-05,3.46918718261486e-05,-3.917205789521266e-07,2.819230415006663e-07,1.263822697346755e-06,6.451077852447921e-07,7.847859014420822e-06,1.7666346233852014e-05,-0.0001017916862497,4.342507234522248e-05,1.4593374993073828e-07,3.285120373267902e-07,-1.892852873491398e-06,8.075047776351528e-07,2.371242144468338e-05,2.093799758423291e-06,-1.6484355404180176e-05,4.257364593520832e-06,4.409409719264794e-07,3.8934956628210426e-08,-3.065324943914759e-07,7.916721985106919e-08,-6.993717268653274,0.1989697353533619,16.489038549833523,0.0244021486489466,-0.1300506781651524,0.0036999135113776,0.3066195791626739,0.0004537666963899,-8.524571972158446,0.2006323426940395,17.32214014888787,0.0611267885049441,-0.1585174698176405,0.0037308302905197,0.3221114018623287,0.001136674531405,1.049477725561205e-05,1.031583622069016e-05,-5.03116238773222e-05,1.2510476174165743e-05,1.9515414290509114e-07,1.91826670253677e-07,-9.35562670536119e-07,2.326367864356825e-07,1.5308547035051636,0.0319755198632291,-0.8331015990543541,0.0811055369526317,0.0284667916524879,0.0005945962473397,-0.0154918226996549,0.0015081865163344,-6.993717268653281,0.1989697353533644,16.489038549833516,0.0244021486489429,-0.1300506781651526,0.0036999135113777,0.3066195791626737,0.0004537666963899,6.932725998214866e-15,3.1843621141651106e-14,9.96733559885696e-15,6.54086439481304e-14,6.932725998214866e-15,3.1843621141651106e-14,9.96733559885696e-15,6.54086439481304e-14,1.2891652364074507e-16,5.921435433582187e-16,1.8534617633758367e-16,1.2162971673796837e-15,36,1.5308442087279082,0.0319666782669456,-0.8330512874304767,0.0811130770642564,0.028466596498345,0.0005944318346892,-0.0154908871369844,0.0015083267274114
6,6,CFD,rectangle,True,6,5.0,360,0.6,0.4,0.39834712,1.2,15.0,7.17024816e-06,True,True,0.2936417216792238,0.1111798222654367,10.743542481449618,0.2970672663853675,0.0054603730140952,0.0020674286260767,0.199780021401651,0.0055240722451344,-8.520584569733172,0.1992720351058985,5.8451911553681,0.2810132120508367,-0.1584433226410241,0.0037055348835773,0.1086934236200475,0.0052255413532918,1.6244498498800055,0.1146776977967631,-0.2165386999801529,0.0625108282318113,0.0302072269305298,0.0021324728747233,-0.0040266147028334,0.0011624112459693,-6.648940100058478e-05,2.782312954691058e-05,8.052301227656162e-05,2.159513850299869e-05,-1.2363942319598377e-06,5.173810617810953e-07,1.4973542612888984e-06,4.015693370924872e-07,3.559149874101744e-05,2.362426220051071e-05,-0.0001913534336362,3.414978075451978e-05,6.618366700252382e-07,4.393016191973419e-07,-3.558285652347152e-06,6.35027407559439e-07,1.8603300463808844e-05,1.999002643132813e-06,1.2365017398028404e-05,6.841471383688321e-06,3.459350369041034e-07,3.717217030756744e-08,2.299319283816513e-07,1.272196113909363e-07,-6.602505292775745,0.3264947025373634,16.3720964714336,0.100523433393666,-0.1227759513189242,0.0060712859629926,0.3044449993194024,0.0018692692572705,-8.226942848053948,0.2774749871387878,16.588733636817718,0.0586656351083072,-0.1529829496269289,0.0051597467934552,0.3084734450216986,0.0010909085022669,-1.2294601795758513e-05,7.839701070392807e-06,-9.846540396163424e-05,3.318783669149488e-05,-2.286225250304961e-07,1.4578205003888934e-07,-1.8309994626766024e-06,6.171397130834197e-07,1.6244375552782098,0.1146729378453957,-0.2166371653841145,0.0625093715298575,0.0302069983080048,0.0021323843617223,-0.0040284457022961,0.0011623841580746,-6.60250529277574,0.3264947025373763,16.372096471433604,0.1005234333936634,-0.1227759513189241,0.0060712859629928,0.3044449993194025,0.0018692692572704,-6.069219201284189e-15,5.371009378935412e-14,-4.835638062811793e-15,4.171032649181837e-14,-6.069219201284189e-15,5.371009378935412e-14,-4.835638062811793e-15,4.171032649181837e-14,-1.1285930539367721e-16,9.987584360790864e-16,-8.99204221835802e-17,7.756184641698346e-16,36,1.6244498498800055,0.1146776977967631,-0.2165386999801529,0.0625108282318113,0.0302072269305298,0.0021324728747233,-0.0040266147028334,0.0011624112459693
6,6,PIV,ellipse,False,6,5.0,360,0.6,0.4,0.39834712,1.2,15.0,1.7072019428571428e-05,True,True,-1.080886753444677,0.1276152441768169,11.040354170247872,0.2565744416960713,-0.020099476416535,0.0023730511846388,0.2052993410899904,0.0047710936631621,-6.6330235207153,0.3235248689493121,5.720859716106511,0.2115285630855454,-0.1233434487008568,0.0060160608434564,0.1063814359642565,0.003933449412357,8.303148706381256,2.281110081040808,20.1902597471175,5.874572763885872,0.1544000248638768,0.0424180591826881,0.3754451133179469,0.1092397851566292,-0.0005555815752576,0.0005303431764185,0.0001120766068516,0.0012992091277335,-1.0331238433410624e-05,9.861921365141116e-06,2.084104656736705e-06,2.4159259182155373e-05,0.0024303394566633,0.0016705535593314,-0.0018223775083233,0.0008023853140202,4.519303288499371e-05,3.106454192479877e-05,-3.3887762648432595e-05,1.4920642375094255e-05,0.0001378855278042,2.814467793295008e-05,-9.766961141187348e-05,2.7614400277823027e-05,2.564030788100689e-06,5.23360369216753e-07,-1.816201415114824e-06,5.134996662435e-07,0.5912510756304865,2.2158747059400365,36.949665662958985,5.927815714054511,0.0109945255717246,0.0412049840116,0.6870922705127867,0.1102298568897232,-7.713910274159978,0.2321863655808559,16.761213886354383,0.1038047066481906,-0.1434429251173918,0.0043175886505785,0.3116807770542469,0.0019302857089805,0.0020126434092099,0.0014041464979136,-0.0018079705128835,0.0011951833026677,3.742582523968378e-05,2.61106071752969e-05,-3.3619859406810715e-05,2.222486169698165e-05,8.305161349790465,2.28137922236825,20.18845177660462,5.875439656330025,0.1544374506891165,0.0424230639620939,0.3754114934585401,0.1092559053321993,0.5912510756304886,2.2158747059400405,36.949665662959006,5.927815714054527,0.0109945255717246,0.0412049840116001,0.6870922705127871,0.1102298568897235,-2.064706430518173e-15,4.1600746159830886e-14,-1.8553060322624842e-14,8.204841886909351e-14,-2.064706430518173e-15,4.1600746159830886e-14,-1.8553060322624842e-14,8.204841886909351e-14,-3.8393955772899836e-17,7.735807786385063e-16,-3.450008034798586e-16,1.525719743366009e-15,18,8.303148706381256,2.281110081040808,20.1902597471175,5.874572763885872,0.1544000248638768,0.0424180591826881,0.3754451133179469,0.1092397851566292
6,6,PIV,rectangle,False,6,5.0,360,0.6,0.4,0.39834712,1.2,15.0,1.7072019428571428e-05,True,True,-0.9660535100410068,0.0906013037257646,10.490983937332013,0.1583110216554457,-0.0179641111155257,0.0016847637014144,0.1950836047926875,0.002943850163859,-7.096688855707508,0.4303324664906458,5.872492809278524,0.3343972723099226,-0.1319654717168116,0.0080021863844044,0.1092011076555454,0.0062182370790715,1.5252459839034556,2.179592959721641,-1.474684659050496,5.527262409070401,0.028362495502126,0.0405303119424463,-0.0274222895524905,0.1027814246821531,0.0002845687050299,0.0005793703609925,0.0010197792884482,0.0018377059735026,5.291657019022117e-06,1.077359942667307e-05,1.896316121269288e-05,3.4172800949986135e-05,0.0011861559855751,0.0013729096580492,-0.0025212976951515,0.0009392949392957,2.205699550153712e-05,2.5529746947172164e-05,-4.688443391619111e-05,1.7466525906048644e-05,9.887831691134151e-05,2.7838020192928435e-05,-1.5432913131972434e-05,1.2458946358127164e-05,1.8386777269057403e-06,5.176579586784891e-07,-2.8698054865226e-07,2.316785710454809e-07,-6.535926778837557,2.321819981112544,14.887275136240213,5.363037953690908,-0.1215378999999642,0.0431750743591659,0.2768342146424903,0.0997276120996609,-8.062742365748514,0.3679953072256064,16.363476746610537,0.2130776534217396,-0.1499295828323374,0.0068430045750904,0.3042847124482329,0.0039622553021324,0.0015696030075164,0.0013188416444414,-0.0015169513198353,0.0017644987063327,2.9187330247464975e-05,2.4524332863843257e-05,-2.820825325215049e-05,3.28114855898797e-05,1.526815586910972,2.179487650272399,-1.4762016103703313,5.527218513063758,0.0283916828323734,0.0405283536755097,-0.0274504978057427,0.1027806084201834,-6.535926778837542,2.321819981112556,14.887275136240204,5.363037953690901,-0.1215378999999639,0.0431750743591661,0.2768342146424902,0.0997276120996608,-1.4371220263203417e-14,7.499841825459788e-14,7.056084112062106e-15,3.216321641664422e-14,-1.4371220263203417e-14,7.499841825459788e-14,7.056084112062106e-15,3.216321641664422e-14,-2.672379893976299e-16,1.3946224562209641e-15,1.3121041196175475e-16,5.980865319942516e-16,18,1.5252459839034556,2.179592959721641,-1.474684659050496,5.527262409070401,0.028362495502126,0.0405303119424463,-0.0274222895524905,0.1027814246821531
6,7,CFD,ellipse,True,6,5.0,360,0.6,0.4,0.39834712,1.2,15.0,7.17024816e-06,True,True,-1.4902943761276717,0.123730678521382,26.449695212744636,3.2830129340143634,-0.0277125578338453,0.0023008162945996,0.4918415582935627,0.0610488016733554,-4.105260362944659,0.5522946703914258,-1.224437666129773,0.0325408011098196,-0.0763387871909612,0.0102701172598639,-0.0227688570661645,0.0006051078546365,2.0139613587720517,0.1133948477270184,-0.1496611012810874,0.1432769411684401,0.0374503329839572,0.0021086178180852,-0.0027830017955954,0.0026642860511249,-0.0012473689802602,0.0001584191097121,-0.0083417466144145,0.0018849124577414,-2.3195273067746435e-05,2.945860099997781e-06,-0.0001551177667917,3.505062243650388e-05,0.0058494903757957,0.0013840805131737,-1.331675281027948e-05,4.595047391381913e-05,0.0001087733691641,2.573747300025988e-05,-2.476297893392015e-07,8.544655245483002e-07,-0.0013079364365869,0.0001781554281708,3.484982152578075e-06,2.2527713335990864e-06,-2.432154661691031e-05,3.312864012429144e-06,6.480449164961819e-08,4.189109002142889e-08,-3.5782991953413403,0.5589950097796911,25.067244866948688,3.4525358482396284,-0.0665397554913699,0.0103947124712383,0.466134398839713,0.0642011409962995,-5.59555473907233,0.4545827724739295,25.22525754661486,3.313528075663128,-0.1040513450248065,0.0084531295120275,0.4690727012273982,0.0616162416646051,0.0032941849589485,0.001535568666795,-0.0083515783850722,0.0019204936798257,6.125654947947266e-05,2.8554449488678013e-05,-0.0001553005920894,3.5712268008415265e-05,2.017255543731,0.1122227902130382,-0.1580126796661597,0.1445850822352527,0.0375115895334367,0.0020868229887139,-0.0029383023876849,0.0026886114029141,-3.578299195341331,0.5589950097796947,25.067244866948705,3.4525358482396333,-0.0665397554913697,0.0103947124712383,0.4661343988397133,0.0642011409962996,-9.510910577622176e-15,3.3910071649241964e-14,-1.2434497875801752e-14,6.134992380590616e-14,-9.510910577622176e-15,3.3910071649241964e-14,-1.2434497875801752e-14,6.134992380590616e-14,-1.7685878954984774e-16,6.305699308691144e-16,-2.312239427577776e-16,1.1408238122664208e-15,36,2.0139613587720517,0.1133948477270184,-0.1496611012810874,0.1432769411684401,0.0374503329839572,0.0021086178180852,-0.0027830017955954,0.0026642860511249
6,7,CFD,rectangle,True,6,5.0,360,0.6,0.4,0.39834712,1.2,15.0,7.17024816e-06,True,True,-0.5882379829204069,0.048245169413092,53.44880661900825,1.5937536082873704,-0.0109384960333164,0.00089713620945,0.9938997075383094,0.0296364193209433,-4.339495309012479,0.4082910786196068,-1.7840501044632648,0.0559912148840845,-0.0806944699296149,0.0075923188804408,-0.0331750508425594,0.0010411767000652,1.659568627695328,0.1543657644089359,-0.0269234389434826,0.0387604733198528,0.0308602731855857,0.0028704866919405,-0.000500650992689,0.0007207648876288,-0.0029438150601393,0.0001083485876504,-6.463874383648795e-08,5.372179166471268e-05,-5.47412956883272e-05,2.014780804098637e-06,-1.201980598980892e-09,9.989759622622356e-07,0.0028980448609796,0.0001115116762839,-5.9708443802809706e-05,1.196037772903694e-05,5.389018243741697e-05,2.0735995704402465e-06,-1.1102999035356437e-06,2.2240750877139225e-07,-0.0028337689501243,9.980535617413044e-05,1.8658397604475449e-07,1.4843361459224306e-06,-5.269494884770984e-05,1.8559163541164595e-06,3.469595879737854e-09,2.7601762408595732e-08,-3.271044203386829,0.5098885947983586,51.63777348910294,1.6496482449014211,-0.060826238839444,0.0094815610918987,0.9602228976707726,0.0306758001134774,-4.927733291932886,0.396687883840383,51.66475651454499,1.6477518894631782,-0.0916329659629314,0.0073765533165848,0.9607246566957498,0.0306405367047192,-0.002879539149284,9.860897013223388e-05,-5.958649857060143e-05,5.706519492230445e-05,-5.354606209862007e-05,1.833669127052612e-06,-1.1080322882548869e-06,1.0611477436378242e-06,1.6566890885460437,0.1544584246541563,-0.0269830254420532,0.0387856298365075,0.0308067271234871,0.0028722097423967,-0.0005017590249773,0.0007212326820686,-3.2710442033868423,0.5098885947983638,51.63777348910294,1.6496482449014152,-0.0608262388394442,0.0094815610918988,0.9602228976707726,0.0306758001134774,1.3236325615808811e-14,5.0771078361828336e-14,2.763221750178168e-15,3.114728981536709e-14,1.3236325615808811e-14,5.0771078361828336e-14,2.763221750178168e-15,3.114728981536709e-14,2.461342168443407e-16,9.441063912787149e-16,5.138309839061725e-17,5.791950128797604e-16,36,1.659568627695328,0.1543657644089359,-0.0269234389434826,0.0387604733198528,0.0308602731855857,0.0028704866919405,-0.000500650992689,0.0007207648876288
16,1,CFD,ellipse,True,6,5.0,360,0.6,0.44,0.39834712,1.2,15.0,7.17024816e-06,True,True,-9.826620443861259,0.5513506218440744,16.57495371382598,0.36707819754912685,-0.182729527618121,0.010252562338913059,0.3082172024169008,0.006825950592094601,-5.4036104489359325,0.6588230020357405,12.768392617438435,0.37848835083836346,-0.10048207218415962,0.012251049751407594,0.23743283509894464,0.007038126480285618,29.435488521630102,0.46009571036023955,1.4643692602667209,0.2665500966607137,0.5473634545563643,0.008555644567077083,0.027230471016533052,0.0049565945410870085,0.00013635293203210214,3.5255526715025674e-05,4.87423020311367e-05,5.217444111211165e-05,2.535531620653645e-06,6.555891498372852e-07,9.063805685843321e-07,9.702024243860416e-07,0.000303575706584717,7.60881564043393e-05,-8.081300348829016e-05,5.76408542142054e-05,5.645099022341545e-06,1.4148865275227207e-06,-1.5027467517626366e-06,1.0718523344052184e-06,0.00018478307894351557,1.6131507220312916e-05,-3.001164866055006e-05,3.651895913901115e-06,3.436107552954682e-06,2.999711560018107e-07,-5.58077358753509e-07,6.790831283959573e-08,14.205882340550472,0.7579005648645358,30.807653509181023,0.1177277212409935,0.26416347149227953,0.014093432527529795,0.5728793540888367,0.002189189153363727,-15.23023089279719,0.32330564970932457,29.343346331264417,0.21332183616151437,-0.2832115998022806,0.00601198438315186,0.5456500375158455,0.003966795967658896,0.0006247117175603346,7.91821919700503e-05,-6.208235011770353e-05,3.2314957542347316e-05,1.1616738195949872e-05,1.4724212273298377e-06,-1.1544435419318135e-06,6.009082125891598e-07,29.436113233347662,0.4600819966901214,1.464307177916603,0.26653456500326433,0.5473750712945602,0.00855538955646826,0.02722931657299112,0.004956305724352398,14.205882340550474,0.7579005648645315,30.807653509181016,0.11772772124098407,0.2641634714922796,0.014093432527529742,0.5728793540888366,0.0021891891533636246,-2.0230730670947296e-15,3.572995775258256e-14,5.329070518200751e-15,6.908047930610342e-14,-2.0230730670947296e-15,3.572995775258256e-14,5.329070518200751e-15,6.908047930610342e-14,-3.761976846455906e-17,6.644113649493281e-16,9.909597546761897e-17,1.2845762613252598e-15,36,29.435488521630102,0.46009571036023955,1.4643692602667209,0.2665500966607137,0.5473634545563643,0.008555644567077083,0.027230471016533052,0.0049565945410870085
16,1,CFD,rectangle,True,6,5.0,360,0.6,0.44,0.39834712,1.2,15.0,7.17024816e-06,True,True,-10.515759920167365,0.956497728345766,18.693374957282614,0.5237718707923129,-0.19554432306970282,0.017786417931468394,0.34761000438014805,0.009739725582799745,-2.0873114274757607,1.335463066802159,12.169234319863786,0.5253802614731529,-0.03881430378974518,0.02483341416739583,0.22629127190234355,0.009769634183728705,36.606801984557215,0.5098001712328614,0.2482482582490616,0.1060414099030051,0.6807165975792802,0.009479916824019977,0.004616265299043924,0.001971878007320462,-2.9760992188751494e-05,4.9726065476898044e-05,-4.891214273045694e-05,1.1506557091253158e-05,-5.534163118607505e-07,9.246740022993019e-07,-9.095388172349661e-07,2.1396855142696876e-07,2.081608019841458e-05,4.625634419753543e-05,3.0661237928116665e-05,5.56616219830102e-05,3.8708246881494416e-07,8.601532920544542e-07,5.701567039044047e-07,1.0350478019905372e-06,-5.900556832901064e-06,1.0945400946342826e-05,-1.1373659090424245e-05,1.5684217072429913e-06,-1.0972296822896506e-07,2.0353365187373233e-07,-2.1149726548979483e-07,2.9165363545669183e-08,24.003715791445263,0.9986568497028023,31.110827910831567,0.0690048948460971,0.446357694663021,0.01857038189694128,0.5785169907021567,0.0012831707412126632,-12.603071347643127,0.5139940343382313,30.8626092771464,0.041246824468496666,-0.234358626859448,0.009557903210948855,0.5739012762824917,0.0007669994779928463,-1.484546882323798e-05,2.4750089388252095e-05,-2.9624563892764513e-05,5.042336221373831e-05,-2.760568112747715e-07,4.602367790898902e-07,-5.508793788203562e-07,9.376404849329198e-07,36.60678713908838,0.5098159836297336,0.24821863368516883,0.10604831510477326,0.680716321522469,0.009480210861204498,0.004615714419665104,0.001972006412021185,24.00371579144526,0.9986568497028196,31.110827910831567,0.06900489484609973,0.446357694663021,0.018570381896941598,0.5785169907021567,0.0012831707412127588,3.552713678800501e-15,5.522809031171135e-14,-5.625129991434126e-15,3.752518160785518e-14,3.552713678800501e-15,5.522809031171135e-14,-5.625129991434126e-15,3.752518160785518e-14,6.606398364507934e-17,1.0269861252465838e-15,-1.0460130743804226e-16,6.977941956912721e-16,36,36.606801984557215,0.5098001712328614,0.2482482582490616,0.1060414099030051,0.6807165975792802,0.009479916824019977,0.004616265299043924,0.001971878007320462
16,1,PIV,ellipse,False,6,5.0,360,0.6,0.44,0.39834712,1.2,15.0,1.7072019428571428e-05,True,True,-4.945795719295067,1.0485169417018152,14.87326423842648,0.4277447977402417,-0.09196884327073868,0.019497548170435343,0.276573676978129,0.007954067756937857,-7.65997849060393,2.324437091883257,14.657866542538171,0.6085695342510181,-0.14244004428067902,0.043223740471547964,0.2725682796551572,0.011316568514248254,20.5996820381692,11.612346695627275,-9.139208951818588,4.427882889964152,0.38305846749882827,0.21593574702026816,-0.16994686465298178,0.08233806866296153,-0.0005281103401035437,0.0006130634634487376,-0.0003353569229381713,0.00026638074308412785,-9.820400973933072e-06,1.140013473766553e-05,-6.2360821263062355e-06,4.9534453506581355e-06,0.0015226141990645596,0.0003559440038395864,-0.00044177551467086153,0.0003065496406248275,2.8313556520189014e-05,6.618906271152663e-06,-8.214973964878068e-06,5.7004003912527994e-06,0.00019947299711019881,6.057902986652802e-05,-0.00018552933895487166,3.6356210942860654e-05,3.709271844043565e-06,1.1264887632848306e-06,-3.4499845252194015e-06,6.760567673827098e-07,7.995101805126278,12.498704705145036,20.39095916736951,4.7567664269776895,0.14867178237480094,0.2324178917520206,0.3791771909396882,0.08845377585885744,-12.605774209898996,1.392670062641717,29.531130780964652,0.5955830418270903,-0.23440888755141767,0.025897198749891246,0.5491419566332862,0.011075080035111585,0.0011939768560712148,0.0005168537251002913,-0.0009626617765639045,0.00021558458123145451,2.2202427390299507e-05,9.611080185176206e-06,-1.7901040616403707e-05,4.008872522880797e-06,20.600876015025268,11.612129508382688,-9.14017161359515,4.427847365184044,0.38308066992621853,0.215931708345646,-0.1699647656935982,0.08233740806694838,7.995101805126272,12.498704705145038,20.390959167369502,4.756766426977689,0.14867178237480083,0.2324178917520206,0.379177190939688,0.08845377585885741,4.7862948172728974e-15,3.252810854399782e-14,1.2039751911490586e-14,6.059599444589882e-14,4.7862948172728974e-15,3.252810854399782e-14,1.2039751911490586e-14,6.059599444589882e-14,8.900286685517631e-17,6.048718318278832e-16,2.238835001305466e-16,1.1268042257159259e-15,36,20.5996820381692,11.612346695627275,-9.139208951818588,4.427882889964152,0.38305846749882827,0.21593574702026816,-0.16994686465298178,0.08233806866296153
16,1,PIV,rectangle,False,6,5.0,360,0.6,0.44,0.39834712,1.2,15.0,1.7072019428571428e-05,True,True,-4.100340261349562,1.6559086848394895,19.483957694403912,0.5311175943766363,-0.07624729613913507,0.030792215236977987,0.3623111736094391,0.009876321944513874,-6.5345897504673625,3.3105288591504847,16.06301689044338,0.7137366054612014,-0.12151303747841949,0.06156047015905951,0.29869755378068397,0.013272187880336897,6.634881294528741,10.456063199103514,-2.133588083208952,0.8530769769941313,0.12337799467047998,0.19443424115469782,-0.039674834782081926,0.015863272008782313,-0.0009711966329625693,0.0006146879209072565,9.325798964865689e-06,0.0002786487474240784,-1.805974932881671e-05,1.143034210608143e-05,1.7341657279294116e-07,5.181573286469133e-06,0.00046090881259177794,0.00025708001585276883,0.0001587158199202531,0.0004452352501570195,8.57076449437287e-06,4.780494995731898e-06,2.9513775326153305e-06,8.279308985720786e-06,-9.742651684071297e-05,6.332311763968637e-05,-0.00011349910875185516,1.6154725271131006e-05,-1.811680984473541e-06,1.1775160585178662e-06,-2.1105565891944463e-06,3.004029039748236e-07,-4.000656431625388,11.754477238876184,33.41344104414847,0.7354266973423584,-0.07439363961289336,0.21857871539137327,0.6213349068455574,0.013675522909514024,-10.634930011816925,1.6982314367936875,35.546974584847284,0.2418464744507144,-0.19776033361755455,0.03157922197202699,0.6610087273901231,0.004497221835824001,-0.0006077143372115044,0.0005952521564732431,5.454251013326363e-05,0.0002406297642287795,-1.130066581891738e-05,1.1068927103414566e-05,1.014237516213825e-06,4.4745966733510185e-06,6.634273580191529,10.455641123006831,-2.133533540698819,0.8529526761507534,0.12336669400466106,0.19442639249846796,-0.03967382054456572,0.015860960590067932,-4.000656431625395,11.754477238876198,33.41344104414847,0.7354266973423482,-0.0743936396128935,0.21857871539137352,0.6213349068455574,0.013675522909513954,7.080755734831554e-15,5.60420720063002e-14,2.1711028037114174e-15,3.673756046583377e-14,7.080755734831554e-15,5.60420720063002e-14,2.1711028037114174e-15,3.673756046583377e-14,1.3166918962595672e-16,1.0421224064728457e-15,4.0372434449770686e-17,6.831480983838782e-16,36,6.634881294528741,10.456063199103514,-2.133588083208952,0.8530769769941313,0.12337799467047998,0.19443424115469782,-0.039674834782081926,0.015863272008782313
